"Player ID","Name","Kills","Deaths","K/D","Max kill streak","Kill(s) / minute","Death(s) / minute","Max death streak","Max TK streak","Death by TK","Death by TK Streak","(aprox.) Longest life min.","(aprox.) Shortest life secs.","Nemesis","Victim","Combat Effectiveness","Support Points","Defensive Points","Offensive Points","Weapons","Death by Weapons"
"76561198068495997","(WTH) HoneyBadger","115","0","115","115","1.35","0","0","22","0","0","0","9999","{}","{""AB"":3,""J-walk-"":1,""Ж | Sh(-)gun!"":4,""tank simp2"":6,""Ж | y U h ※"":3,""-TL- bic"":6,""Evil Santa 28"":6,""klondi"":2,""ᄿ Bert"":6,""=exel="":1,""ᄿ thesnowman"":9,""-TL- Grandma's Gunner"":2,""-TL-Mik"":2,""-TL- Grandma"":2,""℧ | Blackshooter"":4,""Data"":2,""=Wafflorz="":2,""-TL- Uncle Cletus"":6,""Ж | yourmomsmother"":3,""Ж | Zoomer"":4,""=KaPk="":3,""-TL- HotDog-7"":6,""-TL- Grandma's Driver"":1,""Colt"":5,""-TL- hippie"":2,""Scrimmy ツ"":1,""Ж | Xan"":1,""Ж | GasMask"":2,""-TL- REDACTED"":6,""3fm"":2,""Galtia"":4,""Kurile"":1,""-TL- Peif_Rimgarr"":1,""Ж | Kim Jong ÛwÛ"":1,""-TL- rwendler613"":5}","983","0","1780","0","{""150MM HOWITZER [sFH 18]"":115}","{}"
"76561197961519495","markflapper - PC","112","45","2.49","14","1.31","0.53","4","1","1","1","405","21","{""AB"":1,""J-walk-"":1,""Ж | Sh(-)gun!"":1,""-TL- bic"":2,""ᄿ Bert"":3,""=exel="":2,""ᄿ thesnowman"":4,""-TL-Mik"":1,""-TL- Mage"":4,""Data"":4,""=Wafflorz="":5,""Ж | yourmomsmother"":2,""-TL- HotDog-7"":1,""Colt"":1,""-TL- hippie"":1,""Scrimmy ツ"":1,""Ж | GasMask"":2,""BNN Sherby"":4,""Galtia"":2,""-TL- Peif_Rimgarr"":1,""Ж | Kim Jong ÛwÛ"":1,""-TL- rwendler613"":1}","{""AB"":5,""J-walk-"":8,""Ж | Sh(-)gun!"":1,""tank simp2"":3,""-TL- bic"":5,""Evil Santa 28"":2,""ᄿ Bert"":6,""=exel="":2,""ᄿ thesnowman"":6,""-TL-Mik"":7,""℧ | Blackshooter"":2,""Data"":2,""=Wafflorz="":4,""-TL- Uncle Cletus"":5,""Ж | yourmomsmother"":2,""Ж | Zoomer"":5,""=KaPk="":2,""-TL- HotDog-7"":5,""Colt"":6,""-TL- hippie"":2,""Scrimmy ツ"":1,""Ж | Xan"":7,""Ж | GasMask"":2,""-TL- REDACTED"":6,""Galtia"":1,""Kurile"":5,""-TL- Peif_Rimgarr"":6,""Ж | Kim Jong ÛwÛ"":1,""-TL- rwendler613"":3}","795","0","1020","260","{""MG42"":111,""UNKNOWN"":1}","{""M1 GARAND"":28,""M1918A2 BAR"":3,""M3 GREASE GUN"":1,""BROWNING M1919"":4,""M97 TRENCH GUN"":1,""155MM HOWITZER [M114]"":4,""76MM M1 GUN [Sherman M4A3E2(76)]"":2,""COAXIAL M1919 [Sherman M4A3E2(76)]"":2}"
"76561198193020965","'-TL- Mage","103","0","103","103","1.18","0","0","2","0","0","5244","-119","{}","{""Palustris"":12,""[OP] Madcap"":4,""-TL- ULFBERHT"":1,""ᄿ Rath"":4,""-TL- Trance"":5,""Ж | I※nS"":5,""=NG MilkMan="":5,""Scythe"":3,""Jahseh Dahmer"":1,""markflapper - PC"":4,""Ж | Kalvus"":5,""CHMA | Lykaon"":2,""Ж | Sciz"":1,""вит | Pyrochemist"":4,""Ж | ※ Infidel"":7,""-TL- MsDieALOT"":1,""-TL- Tigers0204"":1,""-TL- Use The PIAT!"":6,""Ж | Whiskey"":2,""MrInsaneBunny"":6,""-TL- Monster_Corndog"":2,""Ж | Davako"":9,""Ж Dyslexics※Untied"":5,""tank simper"":1,""-TL- Ken"":3,""thelastpizzaroll"":1,""-TL- NooDleOG"":1,""DooperDupinskie"":2}","932","15","1900","0","{""155MM HOWITZER [M114]"":103}","{}"
"76561198870205027","Jahseh Dahmer","94","55","1.71","5","1.1","0.64","4","0","6","2","233","-48","{""AB"":2,""J-walk-"":3,""Ж | Sh(-)gun!"":2,""Ж | y U h ※"":1,""-TL- bic"":4,""ᄿ Bert"":2,""=exel="":2,""ᄿ thesnowman"":3,""-TL- Grandma's Gunner"":2,""-TL-Mik"":2,""-TL- Mage"":1,""℧ | Blackshooter"":3,""Data"":2,""=Wafflorz="":3,""-TL- Uncle Cletus"":2,""Ж | yourmomsmother"":2,""-TL- Grandma's Driver"":2,""-TL- hippie"":2,""Scrimmy ツ"":1,""Ж | Xan"":4,""Ж | GasMask"":1,""BNN Sherby"":1,""-TL- REDACTED"":2,""Galtia"":1,""-TL- Peif_Rimgarr"":2,""-TL- rwendler613"":3}","{""AB"":2,""J-walk-"":3,""Ж | Sh(-)gun!"":2,""tank simp2"":2,""Ж | y U h ※"":1,""-TL- bic"":4,""Evil Santa 28"":4,""klondi"":1,""ᄿ Bert"":9,""=exel="":3,""ᄿ thesnowman"":4,""-TL-Mik"":6,""℧ | Blackshooter"":4,""Data"":4,""=Wafflorz="":2,""-TL- Uncle Cletus"":6,""Ж | yourmomsmother"":2,""Ж | Zoomer"":2,""=KaPk="":2,""-TL- HotDog-7"":4,""Colt"":2,""-TL- hippie"":1,""Scrimmy ツ"":5,""Ж | Xan"":1,""Ж | GasMask"":1,""BNN Sherby"":1,""-TL- REDACTED"":2,""Galtia"":5,""Kurile"":2,""-TL- Peif_Rimgarr"":4,""-TL- rwendler613"":3}","828","115","860","300","{""MG42"":11,""MP40"":3,""STG44"":44,""SATCHEL"":4,""GEWEHR 43"":26,""KARABINER 98K"":6}","{""155MM HOWITZER [M114]"":1,""M1918A2 BAR"":1,""M97 TRENCH GUN"":1,""MK2 GRENADE"":1,""COAXIAL M1919 [Sherman M4A3E2(76)]"":2,""HULL M1919 [Sherman M4A3E2(76)]"":2,""BROWNING M1919"":5,""COLT M1911"":1,""76MM M1 GUN [Sherman M4A3E2(76)]"":1,""BAZOOKA"":1,""M3 GREASE GUN"":1,""M1 GARAND"":38}"
"76561198317583009","ᄿ Rath","83","58","1.43","10","0.97","0.68","7","2","0","0","262","18","{""AB"":1,""J-walk-"":3,""tank simp2"":4,""-TL- bic"":1,""Evil Santa 28"":1,""klondi"":2,""ᄿ Bert"":1,""=exel="":1,""ᄿ thesnowman"":1,""-TL- Grandma's Gunner"":3,""-TL-Mik"":4,""-TL- Mage"":4,""℧ | Blackshooter"":3,""Data"":1,""=Wafflorz="":2,""-TL- Uncle Cletus"":1,""Ж | Zoomer"":1,""-TL- HotDog-7"":1,""-TL- Grandma's Driver"":2,""Colt"":2,""-TL- hippie"":3,""Ж | Xan"":1,""Ж | GasMask"":2,""BNN Sherby"":2,""-TL- REDACTED"":1,""3fm"":1,""Galtia"":3,""-TL- Peif_Rimgarr"":4,""Ж | Kim Jong ÛwÛ"":1,""-TL- rwendler613"":1}","{""AB"":3,""J-walk-"":1,""Ж | Sh(-)gun!"":5,""tank simp2"":3,""-TL- bic"":2,""Evil Santa 28"":2,""ᄿ Bert"":3,""ᄿ thesnowman"":5,""-TL- Grandma's Gunner"":1,""-TL-Mik"":3,""-TL- Grandma"":1,""℧ | Blackshooter"":1,""Data"":1,""=Wafflorz="":4,""-TL- Uncle Cletus"":5,""Ж | Zoomer"":3,""-TL- HotDog-7"":7,""-TL- Grandma's Driver"":1,""Colt"":2,""-TL- hippie"":3,""Scrimmy ツ"":3,""Ж | GasMask"":2,""-TL- REDACTED"":2,""3fm"":1,""Galtia"":4,""Kurile"":1,""-TL- Peif_Rimgarr"":6,""-TL- rwendler613"":8}","720","340","640","500","{""STG44"":72,""SATCHEL"":5,""UNKNOWN"":1,""GEWEHR 43"":3,""M43 STIELHANDGRANATE"":2}","{""155MM HOWITZER [M114]"":4,""M1918A2 BAR"":4,""M1A1 THOMPSON"":1,""M97 TRENCH GUN"":1,""MK2 GRENADE"":1,""COAXIAL M1919 [Sherman M4A3E2(76)]"":1,""37MM CANNON [Stuart M5A1]"":1,""HULL M1919 [Sherman M4A3E2(76)]"":2,""BROWNING M1919"":3,""COLT M1911"":1,""76MM M1 GUN [Sherman M4A3E2(76)]"":3,""HULL M1919 [Sherman M4A3(75)W]"":1,""BAZOOKA"":1,""M3 GREASE GUN"":3,""M1 CARBINE"":2,""M1 GARAND"":29}"
"76561198041224149","'-TL- Grandma's Gunner","76","6","12.67","18","0.89","0.07","1","6","0","0","1510","175","{""Hagrid"":2,""-TL- Ken"":1,""ᄿ Rath"":1,""(WTH) HoneyBadger"":2}","{""Palustris"":3,""-TL- ULFBERHT"":5,""ᄿ Rath"":3,""-TL- Trance"":1,""Ж | I※nS"":1,""=Qalabash="":1,""Terry"":4,""=NG MilkMan="":3,""Scythe"":3,""Jahseh Dahmer"":2,""Ж | Kalvus"":3,""CHMA | Lykaon"":1,""- TL - Alex Von Doom"":6,""вит | Pyrochemist"":2,""Ж | ※ Infidel"":3,""-TL- Tigers0204"":3,""WЖIDЖOЖW"":1,""-TL- Use The PIAT!"":2,""Ж | Whiskey"":2,""MrInsaneBunny"":5,""Ж | Davako"":5,""Ж Dyslexics※Untied"":2,""tank simper"":1,""-TL- Ken"":3,""-TL- NooDleOG"":6,""DooperDupinskie"":1,""Hagrid"":4}","1610","130","1080","520","{""M1 GARAND"":2,""M1A1 AT MINE"":1,""Sd.Kfz.181 Tiger 1"":2,""75MM CANNON [Sherman M4A3(75)W]"":11,""76MM M1 GUN [Sherman M4A3E2(76)]"":44,""COAXIAL M1919 [Sherman M4A3(75)W]"":2,""COAXIAL M1919 [Sherman M4A3E2(76)]"":14}","{""STG44"":1,""KARABINER 98K"":1,""150MM HOWITZER [sFH 18]"":2,""88 KWK 36 L/56 [Sd.Kfz.181 Tiger 1]"":2}"
"76561199009603308","'-TL- Tigers0204","72","40","1.8","13","0.84","0.47","4","0","0","0","659","28","{""J-walk-"":1,""-TL- bic"":1,""Evil Santa 28"":1,""ᄿ Bert"":1,""=exel="":2,""-TL- Grandma's Gunner"":3,""-TL- Mage"":1,""℧ | Blackshooter"":3,""Data"":4,""=Wafflorz="":2,""-TL- Uncle Cletus"":1,""Ж | yourmomsmother"":2,""=KaPk="":2,""Colt"":1,""-TL- hippie"":4,""Scrimmy ツ"":3,""Ж | Xan"":3,""Ж | GasMask"":1,""-TL- REDACTED"":2,""3fm"":1,""-TL- Peif_Rimgarr"":1}","{""AB"":3,""J-walk-"":2,""Ж | Sh(-)gun!"":2,""-TL- bic"":1,""Evil Santa 28"":2,""ᄿ Bert"":3,""=exel="":4,""-TL-Mik"":1,""℧ | Blackshooter"":5,""=Wafflorz="":3,""Ж | yourmomsmother"":3,""Ж | Zoomer"":3,""=KaPk="":5,""-TL- HotDog-7"":2,""Colt"":5,""-TL- hippie"":2,""Scrimmy ツ"":1,""Ж | Xan"":2,""Ж | GasMask"":2,""-TL- REDACTED"":6,""Galtia"":6,""Kurile"":3,""-TL- Peif_Rimgarr"":2,""Ж | Kim Jong ÛwÛ"":1,""-TL- rwendler613"":3}","508","0","1020","240","{""MG42"":39,""STG44"":27,""SATCHEL"":1,""UNKNOWN"":1,""LUGER P08"":1,""KARABINER 98K"":2,""M43 STIELHANDGRANATE"":1}","{""M1 GARAND"":28,""MK2 GRENADE"":2,""STRAFING RUN"":1,""M1A1 THOMPSON"":1,""BROWNING M1919"":4,""155MM HOWITZER [M114]"":1,""76MM M1 GUN [Sherman M4A3E2(76)]"":1,""COAXIAL M1919 [Sherman M4A3E2(76)]"":2}"
"76561198143454140","Ж | I※nS","70","47","1.49","8","0.82","0.55","4","0","3","1","389","21","{""Ж | Sh(-)gun!"":1,""-TL- bic"":4,""Evil Santa 28"":1,""ᄿ Bert"":2,""=exel="":2,""ᄿ thesnowman"":2,""-TL- Grandma's Gunner"":1,""-TL-Mik"":1,""-TL- Mage"":5,""℧ | Blackshooter"":1,""Data"":3,""=Wafflorz="":2,""-TL- Uncle Cletus"":2,""Ж | yourmomsmother"":1,""=KaPk="":1,""-TL- HotDog-7"":2,""Colt"":1,""-TL- hippie"":8,""Ж | GasMask"":1,""BNN Sherby"":2,""Galtia"":1,""-TL- Peif_Rimgarr"":1,""Ж | Kim Jong ÛwÛ"":1,""-TL- rwendler613"":1}","{""J-walk-"":1,""Ж | Sh(-)gun!"":3,""tank simp2"":2,""Ж | y U h ※"":1,""-TL- bic"":5,""Evil Santa 28"":1,""ᄿ Bert"":9,""=exel="":1,""ᄿ thesnowman"":3,""-TL-Mik"":3,""℧ | Blackshooter"":2,""Data"":2,""=Wafflorz="":7,""-TL- Uncle Cletus"":2,""Ж | Zoomer"":1,""-TL- HotDog-7"":6,""Colt"":3,""-TL- hippie"":5,""Scrimmy ツ"":1,""Ж | GasMask"":2,""-TL- REDACTED"":1,""Galtia"":2,""Kurile"":1,""-TL- Peif_Rimgarr"":3,""-TL- rwendler613"":3}","533","1300","880","440","{""UNKNOWN"":1,""GEWEHR 43"":69}","{""M1 GARAND"":32,""M1 CARBINE"":2,""M1918A2 BAR"":1,""MK2 GRENADE"":2,""M1A1 THOMPSON"":1,""M97 TRENCH GUN"":1,""155MM HOWITZER [M114]"":5,""76MM M1 GUN [Sherman M4A3E2(76)]"":3}"
"76561198836527047","℧ | Blackshooter","69","54","1.28","7","0.81","0.63","5","0","3","1","320","18","{""Palustris"":1,""cidi Ж"":2,""[OP] Madcap"":2,""ᄿ Rath"":1,""Ж | I※nS"":2,""=Qalabash="":1,""=NG MilkMan="":1,""Jahseh Dahmer"":4,""markflapper - PC"":2,""Ж | Kalvus"":1,""Ж | Sciz"":3,""вит | Pyrochemist"":3,""(WTH) HoneyBadger"":4,""-TL- MsDieALOT"":1,""-TL- Tigers0204"":5,""-TL- Use The PIAT!"":1,""Ж | Whiskey"":4,""MrInsaneBunny"":4,""Ж | Davako"":3,""Ж Dyslexics※Untied"":3,""tank simper"":2,""-TL- Ken"":2,""Hagrid"":2}","{""Palustris"":5,""cidi Ж"":2,""[OP] Madcap"":2,""ᄿ Rath"":3,""Ж | I※nS"":1,""=Qalabash="":4,""=NG MilkMan="":1,""Jahseh Dahmer"":3,""Ж | Kalvus"":2,""CHMA | Lykaon"":4,""Ж | Sciz"":4,""вит | Pyrochemist"":3,""Ж | ※ Infidel"":6,""-TL- MsDieALOT"":1,""-TL- Tigers0204"":3,""WЖIDЖOЖW"":1,""-TL- Use The PIAT!"":4,""Ж | Whiskey"":4,""MrInsaneBunny"":1,""-TL- Monster_Corndog"":2,""Ж | Davako"":5,""Ж Dyslexics※Untied"":4,""-TL- Ken"":2,""thelastpizzaroll"":1,""DooperDupinskie"":1}","551","145","560","660","{""BAZOOKA"":1,""M1 GARAND"":54,""M3 GREASE GUN"":6,""BROWNING M1919"":7,""M97 TRENCH GUN"":1}","{""STG44"":13,""GEWEHR 43"":19,""PANZERSCHRECK"":1,""COAXIAL MG34 [Sd.Kfz.181 Tiger 1]"":1,""S-MINE"":2,""150MM HOWITZER [sFH 18]"":4,""MG42"":4,""KARABINER 98K"":8,""MP40"":2}"
"76561198330663526","'=NG MilkMan=","67","49","1.37","9","0.78","0.57","5","1","1","1","407","22","{""AB"":1,""J-walk-"":1,""-TL- bic"":1,""ᄿ Bert"":1,""=exel="":2,""ᄿ thesnowman"":4,""-TL- Grandma's Gunner"":3,""-TL-Mik"":1,""-TL- Mage"":5,""℧ | Blackshooter"":1,""Data"":5,""-TL- Uncle Cletus"":2,""Ж | yourmomsmother"":3,""=KaPk="":2,""-TL- hippie"":2,""Scrimmy ツ"":1,""Ж | Xan"":2,""Ж | GasMask"":1,""BNN Sherby"":3,""-TL- REDACTED"":3,""3fm"":2,""Kurile"":1,""-TL- Peif_Rimgarr"":1,""-TL- rwendler613"":1}","{""AB"":1,""J-walk-"":6,""Ж | Sh(-)gun!"":4,""tank simp2"":2,""-TL- bic"":2,""Evil Santa 28"":2,""ᄿ Bert"":1,""=exel="":5,""ᄿ thesnowman"":1,""-TL-Mik"":5,""℧ | Blackshooter"":1,""Data"":1,""=Wafflorz="":1,""-TL- Uncle Cletus"":3,""Ж | yourmomsmother"":2,""Ж | Zoomer"":1,""=KaPk="":5,""-TL- HotDog-7"":4,""Colt"":4,""Scrimmy ツ"":4,""Ж | Xan"":3,""Galtia"":1,""Kurile"":2,""-TL- Peif_Rimgarr"":5,""-TL- rwendler613"":1}","495","295","840","420","{""MP40"":2,""GEWEHR 43"":65}","{""155MM HOWITZER [M114]"":5,""M1918A2 BAR"":1,""M1A1 THOMPSON"":3,""M97 TRENCH GUN"":1,""MK2 GRENADE"":1,""COAXIAL M1919 [Sherman M4A3E2(76)]"":1,""37MM CANNON [Stuart M5A1]"":1,""BROWNING M1919"":3,""76MM M1 GUN [Sherman M4A3E2(76)]"":2,""COAXIAL M1919 [Sherman M4A3(75)W]"":1,""M1 GARAND"":30}"
"76561198067455404","'-TL- hippie","65","44","1.48","7","0.76","0.52","6","1","1","1","326","21","{""Palustris"":2,""ᄿ Rath"":3,""-TL- Trance"":1,""Ж | I※nS"":5,""Jahseh Dahmer"":1,""markflapper - PC"":2,""CHMA | Lykaon"":3,""Ж | Sciz"":3,""вит | Pyrochemist"":3,""Ж | ※ Infidel"":2,""(WTH) HoneyBadger"":2,""-TL- Tigers0204"":2,""WЖIDЖOЖW"":2,""-TL- Use The PIAT!"":1,""Ж | Whiskey"":1,""MrInsaneBunny"":3,""Ж | Davako"":5,""-TL- Ken"":1,""thelastpizzaroll"":1,""Hagrid"":1}","{""Palustris"":2,""[OP] Madcap"":1,""ᄿ Rath"":3,""-TL- Trance"":3,""Ж | I※nS"":8,""=Qalabash="":3,""=NG MilkMan="":2,""Jahseh Dahmer"":2,""markflapper - PC"":1,""CHMA | Lykaon"":2,""Ж | Sciz"":4,""вит | Pyrochemist"":2,""Ж | ※ Infidel"":1,""-TL- MsDieALOT"":2,""-TL- Tigers0204"":4,""-TL- Use The PIAT!"":3,""Ж | Whiskey"":1,""MrInsaneBunny"":2,""-TL- Monster_Corndog"":2,""Ж | Davako"":4,""Ж Dyslexics※Untied"":2,""tank simper"":3,""-TL- Ken"":4,""DooperDupinskie"":4}","513","1366","680","660","{""BAZOOKA"":1,""M1 GARAND"":63,""MK2 GRENADE"":1}","{""MG42"":6,""STG44"":8,""S-MINE"":2,""GEWEHR 43"":20,""KARABINER 98K"":5,""150MM HOWITZER [sFH 18]"":2,""COAXIAL MG34 [Sd.Kfz.181 Tiger 1]"":1}"
"76561198009498488","Data","65","43","1.51","8","0.76","0.5","4","0","0","0","465","33","{""Palustris"":1,""cidi Ж"":3,""ᄿ Rath"":1,""-TL- Trance"":3,""Ж | I※nS"":2,""=Qalabash="":2,""=NG MilkMan="":1,""Jahseh Dahmer"":4,""markflapper - PC"":2,""CHMA | Lykaon"":1,""Ж | Sciz"":1,""вит | Pyrochemist"":2,""(WTH) HoneyBadger"":2,""WЖIDЖOЖW"":1,""-TL- Use The PIAT!"":1,""-TL- Monster_Corndog"":2,""Ж | Davako"":3,""Ж Dyslexics※Untied"":3,""-TL- Ken"":4,""DooperDupinskie"":4}","{""Palustris"":2,""cidi Ж"":4,""ᄿ Rath"":1,""-TL- Trance"":3,""Ж | I※nS"":3,""=Qalabash="":3,""=NG MilkMan="":5,""Jahseh Dahmer"":2,""markflapper - PC"":4,""Ж | Kalvus"":1,""CHMA | Lykaon"":3,""Ж | Sciz"":5,""вит | Pyrochemist"":2,""-TL- MsDieALOT"":2,""-TL- Tigers0204"":4,""WЖIDЖOЖW"":2,""-TL- Use The PIAT!"":2,""MrInsaneBunny"":3,""Ж | Davako"":2,""Ж Dyslexics※Untied"":1,""-TL- Ken"":4,""thelastpizzaroll"":3,""DooperDupinskie"":4}","490","1257","440","880","{""M1 GARAND"":59,""MK2 GRENADE"":3,""M1A1 THOMPSON"":3}","{""MG42"":2,""MP40"":1,""STG44"":5,""GEWEHR 43"":25,""KARABINER 98K"":6,""PANZERSCHRECK"":1,""M43 STIELHANDGRANATE"":1,""150MM HOWITZER [sFH 18]"":2}"
"76561198138479263","'-TL- Ken","62","41","1.51","10","0.73","0.48","3","0","0","0","770","17","{""J-walk-"":3,""-TL- bic"":1,""Evil Santa 28"":3,""klondi"":1,""ᄿ thesnowman"":2,""-TL- Grandma's Gunner"":3,""-TL-Mik"":1,""-TL- Mage"":3,""℧ | Blackshooter"":2,""Data"":4,""=Wafflorz="":1,""-TL- Uncle Cletus"":3,""Ж | yourmomsmother"":2,""=KaPk="":2,""-TL- hippie"":4,""Ж | Xan"":2,""-TL- REDACTED"":2,""-TL- Peif_Rimgarr"":1,""-TL- rwendler613"":1}","{""AB"":2,""J-walk-"":3,""Ж | Sh(-)gun!"":4,""tank simp2"":1,""-TL- bic"":4,""Evil Santa 28"":2,""ᄿ Bert"":2,""=exel="":1,""ᄿ thesnowman"":5,""-TL- Grandma's Gunner"":1,""℧ | Blackshooter"":2,""Data"":4,""=Wafflorz="":4,""-TL- Uncle Cletus"":2,""Ж | yourmomsmother"":1,""Ж | Zoomer"":1,""=KaPk="":1,""-TL- HotDog-7"":3,""Colt"":2,""-TL- hippie"":1,""Scrimmy ツ"":3,""Ж | Xan"":1,""Ж | GasMask"":2,""BNN Sherby"":1,""-TL- REDACTED"":3,""Kurile"":2,""-TL- Peif_Rimgarr"":1,""Ж | Kim Jong ÛwÛ"":1,""-TL- rwendler613"":2}","431","0","1000","280","{""MG42"":18,""STG44"":3,""KARABINER 98K"":37,""PANZERSCHRECK"":4}","{""M1 GARAND"":29,""MK2 GRENADE"":1,""M1A1 THOMPSON"":1,""BROWNING M1919"":3,""155MM HOWITZER [M114]"":3,""75MM CANNON [Sherman M4A3(75)W]"":1,""HULL M1919 [Sherman M4A3E2(76)]"":1,""76MM M1 GUN [Sherman M4A3E2(76)]"":2}"
"76561198014903343","'-TL- bic","61","55","1.11","7","0.71","0.64","4","0","0","0","285","15","{""Palustris"":1,""ᄿ Rath"":2,""-TL- Trance"":1,""Ж | I※nS"":5,""=Qalabash="":4,""=NG MilkMan="":2,""Jahseh Dahmer"":4,""markflapper - PC"":5,""Ж | Kalvus"":1,""CHMA | Lykaon"":4,""Ж | Sciz"":2,""вит | Pyrochemist"":2,""Ж | ※ Infidel"":1,""(WTH) HoneyBadger"":6,""-TL- Tigers0204"":1,""WЖIDЖOЖW"":1,""-TL- Use The PIAT!"":2,""MrInsaneBunny"":1,""Ж | Davako"":1,""Ж Dyslexics※Untied"":1,""tank simper"":1,""-TL- Ken"":4,""DooperDupinskie"":1,""Hagrid"":2}","{""Palustris"":4,""cidi Ж"":1,""[OP] Madcap"":2,""ᄿ Rath"":1,""-TL- Trance"":2,""Ж | I※nS"":4,""=Qalabash="":1,""=NG MilkMan="":1,""Jahseh Dahmer"":4,""markflapper - PC"":2,""CHMA | Lykaon"":3,""Ж | Sciz"":6,""вит | Pyrochemist"":3,""Ж | ※ Infidel"":3,""-TL- MsDieALOT"":1,""-TL- Tigers0204"":1,""WЖIDЖOЖW"":3,""-TL- Use The PIAT!"":2,""Ж | Whiskey"":2,""MrInsaneBunny"":1,""-TL- Monster_Corndog"":4,""Ж | Davako"":3,""Ж Dyslexics※Untied"":3,""-TL- Ken"":1,""thelastpizzaroll"":2,""DooperDupinskie"":1}","491","75","400","800","{""M1 GARAND"":61}","{""STG44"":8,""GEWEHR 43"":18,""S-MINE"":1,""150MM HOWITZER [sFH 18]"":6,""88 KWK 36 L/56 [Sd.Kfz.181 Tiger 1]"":2,""STRAFING RUN"":1,""MG42"":9,""KARABINER 98K"":6,""MP40"":4}"
"76561198068157816","'-TL- REDACTED","57","59","0.97","9","0.67","0.69","8","0","1","1","252","13","{""Palustris"":3,""cidi Ж"":5,""ᄿ Rath"":2,""Ж | I※nS"":1,""Jahseh Dahmer"":2,""markflapper - PC"":6,""CHMA | Lykaon"":2,""Ж | Sciz"":2,""(WTH) HoneyBadger"":6,""-TL- Tigers0204"":6,""WЖIDЖOЖW"":1,""-TL- Use The PIAT!"":2,""MrInsaneBunny"":3,""-TL- Monster_Corndog"":3,""Ж | Davako"":2,""Ж Dyslexics※Untied"":2,""tank simper"":2,""-TL- Ken"":3,""thelastpizzaroll"":1,""-TL- NooDleOG"":1,""DooperDupinskie"":3,""Hagrid"":1}","{""Palustris"":1,""cidi Ж"":6,""[OP] Madcap"":1,""ᄿ Rath"":1,""=Qalabash="":3,""=NG MilkMan="":3,""Jahseh Dahmer"":2,""Ж | Kalvus"":4,""CHMA | Lykaon"":3,""Ж | Sciz"":3,""вит | Pyrochemist"":1,""Ж | ※ Infidel"":3,""-TL- MsDieALOT"":1,""-TL- Tigers0204"":2,""WЖIDЖOЖW"":2,""-TL- Use The PIAT!"":1,""Ж | Whiskey"":3,""-TL- Monster_Corndog"":2,""Ж | Davako"":3,""Ж Dyslexics※Untied"":1,""tank simper"":2,""-TL- Ken"":2,""thelastpizzaroll"":2,""DooperDupinskie"":5}","426","125","500","580","{""BAZOOKA"":1,""M1 GARAND"":56}","{""STG44"":8,""GEWEHR 43"":22,""UNKNOWN"":1,""COAXIAL MG34 [Sd.Kfz.181 Tiger 1]"":1,""S-MINE"":1,""150MM HOWITZER [sFH 18]"":6,""SATCHEL"":1,""88 KWK 36 L/56 [Sd.Kfz.181 Tiger 1]"":1,""MG42"":15,""KARABINER 98K"":1,""MP40"":2}"
"76561198867986795","J-walk-","57","43","1.33","13","0.67","0.5","4","0","1","1","492","29","{""Palustris"":1,""cidi Ж"":1,""ᄿ Rath"":1,""-TL- Trance"":1,""Ж | I※nS"":1,""=Qalabash="":5,""=NG MilkMan="":6,""Jahseh Dahmer"":3,""markflapper - PC"":8,""Ж | ※ Infidel"":1,""(WTH) HoneyBadger"":1,""-TL- Tigers0204"":2,""MrInsaneBunny"":1,""-TL- Monster_Corndog"":2,""tank simper"":2,""-TL- Ken"":3,""DooperDupinskie"":4}","{""Palustris"":4,""cidi Ж"":2,""[OP] Madcap"":1,""ᄿ Rath"":3,""=Qalabash="":3,""=NG MilkMan="":1,""Jahseh Dahmer"":3,""markflapper - PC"":1,""- TL - Alex Von Doom"":1,""Ж | Sciz"":1,""вит | Pyrochemist"":4,""Ж | ※ Infidel"":4,""-TL- MsDieALOT"":6,""-TL- Tigers0204"":1,""WЖIDЖOЖW"":1,""-TL- Use The PIAT!"":3,""Ж | Whiskey"":2,""MrInsaneBunny"":1,""-TL- Monster_Corndog"":1,""Ж | Davako"":2,""Ж Dyslexics※Untied"":2,""tank simper"":1,""-TL- Ken"":3,""thelastpizzaroll"":2,""DooperDupinskie"":2,""Hagrid"":2}","433","155","540","620","{""M1 GARAND"":26,""BROWNING M1919"":28,""M97 TRENCH GUN"":3}","{""MG42"":12,""MP40"":1,""STG44"":6,""GEWEHR 43"":19,""KARABINER 98K"":3,""M43 STIELHANDGRANATE"":1,""150MM HOWITZER [sFH 18]"":1}"
"76561198053671590","Ж | Davako","56","66","0.85","5","0.66","0.77","6","2","5","1","280","18","{""J-walk-"":2,""Ж | Sh(-)gun!"":5,""-TL- bic"":3,""Evil Santa 28"":3,""ᄿ Bert"":2,""=exel="":1,""ᄿ thesnowman"":1,""-TL- Grandma's Gunner"":5,""-TL-Mik"":2,""-TL- Mage"":9,""℧ | Blackshooter"":5,""Data"":2,""=Wafflorz="":3,""-TL- Uncle Cletus"":4,""-TL- Grandma's Driver"":2,""Colt"":2,""-TL- hippie"":4,""Scrimmy ツ"":1,""BNN Sherby"":1,""-TL- REDACTED"":3,""Kurile"":2,""-TL- Peif_Rimgarr"":1,""Ж | Kim Jong ÛwÛ"":1,""-TL- rwendler613"":2}","{""AB"":2,""Ж | Sh(-)gun!"":2,""tank simp2"":2,""-TL- bic"":1,""Evil Santa 28"":2,""ᄿ Bert"":6,""ᄿ thesnowman"":3,""℧ | Blackshooter"":3,""Data"":3,""=Wafflorz="":1,""-TL- Uncle Cletus"":5,""Ж | yourmomsmother"":1,""Ж | Zoomer"":2,""-TL- HotDog-7"":1,""Colt"":2,""-TL- hippie"":5,""Scrimmy ツ"":1,""Ж | Xan"":1,""Ж | GasMask"":3,""BNN Sherby"":2,""-TL- REDACTED"":2,""Galtia"":2,""-TL- Peif_Rimgarr"":1,""Ж | Kim Jong ÛwÛ"":1,""-TL- rwendler613"":2}","412","2940","600","480","{""GEWEHR 43"":45,""KARABINER 98K"":9,""PANZERSCHRECK"":2}","{""155MM HOWITZER [M114]"":9,""M1918A2 BAR"":2,""M97 TRENCH GUN"":1,""COAXIAL M1919 [Sherman M4A3E2(76)]"":2,""HULL M1919 [Sherman M4A3E2(76)]"":2,""BROWNING M1919"":3,""M2 AP MINE"":1,""76MM M1 GUN [Sherman M4A3E2(76)]"":2,""Sd.Kfz.181 Tiger 1"":1,""M3 GREASE GUN"":2,""M1 GARAND"":41}"
"76561197981105401","Ж | Sciz","54","51","1.06","6","0.63","0.6","9","0","2","1","361","18","{""J-walk-"":1,""Ж | Sh(-)gun!"":1,""tank simp2"":1,""-TL- bic"":6,""Evil Santa 28"":1,""ᄿ thesnowman"":2,""-TL- Mage"":1,""℧ | Blackshooter"":4,""Data"":5,""=Wafflorz="":3,""-TL- Uncle Cletus"":4,""Ж | Zoomer"":3,""-TL- Grandma's Driver"":1,""-TL- hippie"":4,""Ж | GasMask"":4,""BNN Sherby"":1,""-TL- REDACTED"":3,""Galtia"":2,""Kurile"":1,""-TL- Peif_Rimgarr"":2,""-TL- rwendler613"":1}","{""AB"":1,""Ж | Sh(-)gun!"":6,""tank simp2"":2,""-TL- bic"":2,""ᄿ Bert"":1,""=exel="":2,""ᄿ thesnowman"":2,""-TL-Mik"":1,""℧ | Blackshooter"":3,""Data"":1,""=Wafflorz="":3,""-TL- Uncle Cletus"":2,""Ж | yourmomsmother"":1,""Ж | Zoomer"":3,""-TL- HotDog-7"":1,""Colt"":4,""-TL- hippie"":3,""Ж | GasMask"":2,""-TL- REDACTED"":2,""3fm"":1,""Galtia"":2,""Kurile"":2,""Ж | Kim Jong ÛwÛ"":3,""-TL- rwendler613"":4}","333","685","840","280","{""MG42"":4,""MP40"":5,""STG44"":11,""GEWEHR 43"":32,""KARABINER 98K"":1,""M43 STIELHANDGRANATE"":1}","{""155MM HOWITZER [M114]"":1,""M1918A2 BAR"":1,""M1A1 THOMPSON"":1,""M97 TRENCH GUN"":2,""MK2 GRENADE"":1,""HULL M1919 [Sherman M4A3E2(76)]"":1,""BROWNING M1919"":1,""76MM M1 GUN [Sherman M4A3E2(76)]"":1,""BAZOOKA"":1,""M3 GREASE GUN"":2,""M1 GARAND"":39}"
"76561198044984111","'=Wafflorz=","51","60","0.85","4","0.6","0.7","8","0","0","0","328","22","{""Palustris"":2,""cidi Ж"":3,""ᄿ Rath"":4,""-TL- Trance"":3,""Ж | I※nS"":7,""=Qalabash="":2,""=NG MilkMan="":1,""Jahseh Dahmer"":2,""markflapper - PC"":4,""Ж | Kalvus"":1,""CHMA | Lykaon"":1,""Ж | Sciz"":3,""вит | Pyrochemist"":3,""Ж | ※ Infidel"":1,""(WTH) HoneyBadger"":2,""-TL- MsDieALOT"":1,""-TL- Tigers0204"":3,""WЖIDЖOЖW"":1,""-TL- Use The PIAT!"":1,""MrInsaneBunny"":1,""Ж | Davako"":1,""Ж Dyslexics※Untied"":1,""tank simper"":1,""-TL- Ken"":4,""thelastpizzaroll"":1,""DooperDupinskie"":4,""Hagrid"":2}","{""Palustris"":3,""cidi Ж"":2,""[OP] Madcap"":2,""ᄿ Rath"":2,""-TL- Trance"":2,""Ж | I※nS"":2,""=Qalabash="":1,""Scythe"":2,""Jahseh Dahmer"":3,""markflapper - PC"":5,""Ж | Kalvus"":1,""CHMA | Lykaon"":1,""Ж | Sciz"":3,""вит | Pyrochemist"":3,""Ж | ※ Infidel"":1,""-TL- MsDieALOT"":2,""-TL- Tigers0204"":2,""WЖIDЖOЖW"":1,""-TL- Use The PIAT!"":2,""Ж | Whiskey"":1,""MrInsaneBunny"":1,""-TL- Monster_Corndog"":2,""Ж | Davako"":3,""-TL- Ken"":1,""DooperDupinskie"":3}","492","220","440","640","{""BAZOOKA"":1,""M1 GARAND"":49,""M3 GREASE GUN"":1}","{""STG44"":9,""GEWEHR 43"":28,""PANZERSCHRECK"":1,""COAXIAL MG34 [Sd.Kfz.181 Tiger 1]"":1,""150MM HOWITZER [sFH 18]"":2,""SATCHEL"":1,""88 KWK 36 L/56 [Sd.Kfz.181 Tiger 1]"":1,""MG42"":9,""KARABINER 98K"":5,""MP40"":3}"
"76561198164512748","DooperDupinskie","51","58","0.88","4","0.6","0.68","5","0","1","1","304","24","{""J-walk-"":2,""tank simp2"":1,""-TL- bic"":1,""=exel="":1,""ᄿ thesnowman"":3,""-TL- Grandma's Gunner"":1,""-TL-Mik"":2,""-TL- Mage"":2,""℧ | Blackshooter"":1,""Data"":4,""=Wafflorz="":3,""-TL- Uncle Cletus"":2,""Ж | yourmomsmother"":1,""Ж | Zoomer"":1,""=KaPk="":2,""Colt"":2,""-TL- hippie"":4,""Scrimmy ツ"":1,""Ж | Xan"":3,""Ж | GasMask"":1,""BNN Sherby"":5,""-TL- REDACTED"":5,""3fm"":2,""Galtia"":2,""Kurile"":5,""Ж | Kim Jong ÛwÛ"":1}","{""J-walk-"":4,""Ж | Sh(-)gun!"":1,""Ж | y U h ※"":1,""-TL- bic"":1,""ᄿ Bert"":1,""=exel="":1,""-TL-Mik"":1,""Data"":4,""=Wafflorz="":4,""-TL- Uncle Cletus"":2,""Ж | yourmomsmother"":2,""=KaPk="":2,""-TL- HotDog-7"":1,""Colt"":7,""Ж | Xan"":4,""-TL- REDACTED"":3,""3fm"":1,""Galtia"":2,""Kurile"":5,""-TL- Peif_Rimgarr"":1,""Ж | Kim Jong ÛwÛ"":1,""-TL- rwendler613"":2}","359","1043","900","340","{""GEWEHR 43"":50,""M43 STIELHANDGRANATE"":1}","{""155MM HOWITZER [M114]"":2,""M1918A2 BAR"":3,""M97 TRENCH GUN"":1,""MK2 GRENADE"":1,""BROWNING M1919"":4,""BOMBING RUN"":1,""76MM M1 GUN [Sherman M4A3E2(76)]"":6,""M1 CARBINE"":1,""M1 GARAND"":39}"
"76561198389173604","'=KaPk=","51","46","1.11","5","0.6","0.54","4","1","0","0","414","20","{""Palustris"":1,""-TL- Trance"":3,""=Qalabash="":3,""=NG MilkMan="":5,""Jahseh Dahmer"":2,""markflapper - PC"":2,""Ж | Kalvus"":2,""CHMA | Lykaon"":1,""вит | Pyrochemist"":4,""(WTH) HoneyBadger"":3,""-TL- Tigers0204"":5,""-TL- Use The PIAT!"":2,""MrInsaneBunny"":3,""-TL- Monster_Corndog"":2,""tank simper"":2,""-TL- Ken"":1,""thelastpizzaroll"":1,""-TL- NooDleOG"":1,""DooperDupinskie"":2,""Hagrid"":1}","{""Palustris"":3,""cidi Ж"":3,""-TL- Trance"":1,""Ж | I※nS"":1,""=Qalabash="":5,""=NG MilkMan="":2,""Ж | Kalvus"":2,""вит | Pyrochemist"":8,""Ж | ※ Infidel"":3,""-TL- MsDieALOT"":5,""-TL- Tigers0204"":2,""-TL- Use The PIAT!"":2,""Ж | Whiskey"":1,""-TL- Monster_Corndog"":2,""Ж Dyslexics※Untied"":3,""tank simper"":1,""-TL- Ken"":2,""thelastpizzaroll"":3,""DooperDupinskie"":2}","375","1639","520","700","{""M1 GARAND"":50,""MK2 GRENADE"":1}","{""75MM CANNON [Sd.Kfz.161 Panzer IV]"":1,""STG44"":9,""GEWEHR 43"":17,""S-MINE"":1,""TELLERMINE 43"":1,""150MM HOWITZER [sFH 18]"":3,""MG42"":9,""KARABINER 98K"":1,""MP40"":4}"
"76561198334278626","CHMA | Lykaon","50","41","1.22","11","0.57","0.47","6","1","1","1","481","-13","{""AB"":2,""Ж | Sh(-)gun!"":3,""-TL- bic"":3,""ᄿ Bert"":1,""=exel="":1,""ᄿ thesnowman"":2,""-TL- Grandma's Gunner"":1,""-TL-Mik"":2,""-TL- Mage"":2,""℧ | Blackshooter"":4,""Data"":3,""=Wafflorz="":1,""-TL- Uncle Cletus"":1,""Ж | yourmomsmother"":1,""Ж | Zoomer"":2,""-TL- hippie"":2,""Ж | GasMask"":1,""-TL- REDACTED"":3,""3fm"":1,""Galtia"":1,""Ж | Kim Jong ÛwÛ"":2,""-TL- rwendler613"":2}","{""AB"":3,""Ж | Sh(-)gun!"":3,""-TL- bic"":4,""ᄿ Bert"":1,""=exel="":1,""ᄿ thesnowman"":2,""-TL-Mik"":1,""Data"":1,""=Wafflorz="":1,""-TL- Uncle Cletus"":6,""Ж | yourmomsmother"":2,""Ж | Zoomer"":3,""=KaPk="":1,""-TL- HotDog-7"":2,""Colt"":3,""-TL- hippie"":3,""Ж | GasMask"":4,""-TL- REDACTED"":2,""3fm"":1,""Galtia"":1,""-TL- Peif_Rimgarr"":1,""Ж | Kim Jong ÛwÛ"":2,""-TL- rwendler613"":2}","400","1144","740","420","{""MG42"":18,""MP40"":8,""STG44"":16,""S-MINE"":2,""GEWEHR 43"":3,""KARABINER 98K"":3}","{""BAZOOKA"":1,""M1 GARAND"":33,""M1918A2 BAR"":1,""M1A1 THOMPSON"":1,""M3 GREASE GUN"":1,""BROWNING M1919"":1,""155MM HOWITZER [M114]"":2,""76MM M1 GUN [Sherman M4A3E2(76)]"":1}"
"76561198813080580","ᄿ thesnowman","49","54","0.91","6","0.57","0.63","11","0","2","1","280","-92","{""Palustris"":1,""[OP] Madcap"":1,""ᄿ Rath"":5,""Ж | I※nS"":3,""=Qalabash="":2,""=NG MilkMan="":1,""Jahseh Dahmer"":4,""markflapper - PC"":6,""CHMA | Lykaon"":2,""Ж | Sciz"":2,""Ж | ※ Infidel"":3,""(WTH) HoneyBadger"":9,""Ж | Whiskey"":1,""MrInsaneBunny"":2,""Ж | Davako"":3,""Ж Dyslexics※Untied"":1,""tank simper"":3,""-TL- Ken"":5}","{""[OP] Madcap"":2,""ᄿ Rath"":1,""-TL- Trance"":1,""Ж | I※nS"":2,""=Qalabash="":2,""=NG MilkMan="":4,""Jahseh Dahmer"":3,""markflapper - PC"":4,""Ж | Kalvus"":1,""CHMA | Lykaon"":2,""Ж | Sciz"":2,""вит | Pyrochemist"":2,""Ж | ※ Infidel"":7,""WЖIDЖOЖW"":1,""-TL- Use The PIAT!"":3,""MrInsaneBunny"":1,""-TL- Monster_Corndog"":2,""Ж | Davako"":1,""tank simper"":3,""-TL- Ken"":2,""DooperDupinskie"":3}","386","125","720","420","{""BAZOOKA"":2,""M1 GARAND"":18,""COLT M1911"":1,""M2 AP MINE"":1,""M1A1 THOMPSON"":9,""BROWNING M1919"":17,""M97 TRENCH GUN"":1}","{""MG42"":9,""MP40"":2,""STG44"":7,""GEWEHR 43"":19,""KARABINER 98K"":6,""PANZERSCHRECK"":1,""M43 STIELHANDGRANATE"":1,""150MM HOWITZER [sFH 18]"":9}"
"76561198418286996","'=Qalabash=","49","46","1.07","4","0.57","0.54","5","0","1","1","368","19","{""J-walk-"":3,""-TL- bic"":1,""Evil Santa 28"":2,""=exel="":5,""ᄿ thesnowman"":2,""-TL- Grandma's Gunner"":1,""℧ | Blackshooter"":4,""Data"":3,""=Wafflorz="":1,""-TL- Uncle Cletus"":1,""Ж | yourmomsmother"":1,""=KaPk="":5,""Colt"":3,""-TL- hippie"":3,""Scrimmy ツ"":2,""Ж | Xan"":1,""-TL- REDACTED"":3,""3fm"":1,""Kurile"":2,""Ж | Kim Jong ÛwÛ"":2}","{""AB"":1,""J-walk-"":5,""tank simp2"":1,""-TL- bic"":4,""Evil Santa 28"":2,""ᄿ Bert"":1,""=exel="":7,""ᄿ thesnowman"":2,""-TL-Mik"":2,""℧ | Blackshooter"":1,""Data"":2,""=Wafflorz="":2,""-TL- Uncle Cletus"":1,""Ж | yourmomsmother"":1,""Ж | Zoomer"":1,""=KaPk="":3,""-TL- HotDog-7"":2,""Colt"":2,""Ж | Xan"":3,""Ж | GasMask"":1,""Galtia"":3,""Kurile"":1,""Ж | Kim Jong ÛwÛ"":1}","336","275","900","280","{""UNKNOWN"":1,""GEWEHR 43"":43,""KARABINER 98K"":5}","{""M1918A2 BAR"":3,""M1A1 THOMPSON"":1,""M97 TRENCH GUN"":1,""BROWNING M1919"":3,""COLT M1911"":1,""BOMBING RUN"":1,""76MM M1 GUN [Sherman M4A3E2(76)]"":1,""BAZOOKA"":1,""M3 GREASE GUN"":1,""M1 GARAND"":33}"
"76561198091006256","Ж | Xan","49","53","0.92","5","0.57","0.62","11","0","0","0","259","26","{""cidi Ж"":7,""-TL- Trance"":3,""=Qalabash="":3,""=NG MilkMan="":3,""Jahseh Dahmer"":1,""markflapper - PC"":7,""(WTH) HoneyBadger"":1,""-TL- Tigers0204"":2,""-TL- Use The PIAT!"":2,""Ж | Whiskey"":1,""MrInsaneBunny"":2,""-TL- Monster_Corndog"":5,""Ж | Davako"":1,""tank simper"":3,""-TL- Ken"":1,""thelastpizzaroll"":2,""DooperDupinskie"":4,""Hagrid"":5}","{""Palustris"":2,""cidi Ж"":5,""ᄿ Rath"":1,""-TL- Trance"":1,""=Qalabash="":1,""=NG MilkMan="":2,""Jahseh Dahmer"":4,""Ж | Kalvus"":1,""вит | Pyrochemist"":1,""Ж | ※ Infidel"":2,""-TL- MsDieALOT"":4,""-TL- Tigers0204"":3,""Ж | Whiskey"":1,""MrInsaneBunny"":3,""-TL- Monster_Corndog"":1,""Ж Dyslexics※Untied"":1,""tank simper"":5,""-TL- Ken"":2,""thelastpizzaroll"":6,""DooperDupinskie"":3}","368","1406","380","820","{""M1 GARAND"":49}","{""STG44"":4,""GEWEHR 43"":28,""COAXIAL MG34 [Sd.Kfz.181 Tiger 1]"":1,""S-MINE"":1,""150MM HOWITZER [sFH 18]"":1,""88 KWK 36 L/56 [Sd.Kfz.181 Tiger 1]"":3,""MG42"":12,""KARABINER 98K"":1,""MP40"":2}"
"76561198065387445","MrInsaneBunny","47","46","1.02","6","0.55","0.54","6","2","2","1","336","18","{""J-walk-"":1,""Ж | Sh(-)gun!"":2,""-TL- bic"":1,""Evil Santa 28"":1,""ᄿ Bert"":1,""ᄿ thesnowman"":1,""-TL- Grandma's Gunner"":5,""-TL-Mik"":1,""-TL- Mage"":6,""℧ | Blackshooter"":1,""Data"":3,""=Wafflorz="":1,""-TL- Uncle Cletus"":2,""Ж | yourmomsmother"":3,""Ж | Zoomer"":2,""-TL- HotDog-7"":1,""Colt"":2,""-TL- hippie"":2,""Scrimmy ツ"":1,""Ж | Xan"":3,""BNN Sherby"":2,""3fm"":2,""Galtia"":1,""Ж | Kim Jong ÛwÛ"":1}","{""AB"":3,""J-walk-"":1,""tank simp2"":3,""-TL- bic"":1,""Evil Santa 28"":2,""ᄿ Bert"":2,""=exel="":1,""ᄿ thesnowman"":2,""-TL-Mik"":2,""-TL- Grandma"":1,""℧ | Blackshooter"":4,""=Wafflorz="":1,""Ж | yourmomsmother"":1,""=KaPk="":3,""-TL- HotDog-7"":3,""Colt"":3,""-TL- hippie"":3,""Scrimmy ツ"":1,""Ж | Xan"":2,""Ж | GasMask"":1,""-TL- REDACTED"":3,""Galtia"":2,""-TL- Peif_Rimgarr"":1,""-TL- rwendler613"":1}","326","33","1000","280","{""STG44"":30,""GEWEHR 43"":17}","{""155MM HOWITZER [M114]"":6,""M1A1 THOMPSON"":2,""MK2 GRENADE"":1,""75MM CANNON [Sherman M4A3(75)W]"":1,""BROWNING M1919"":2,""BOMBING RUN"":1,""76MM M1 GUN [Sherman M4A3E2(76)]"":4,""BAZOOKA"":1,""M3 GREASE GUN"":3,""M1A1 AT MINE"":1,""M1 GARAND"":24}"
"76561199100513800","Hagrid","46","11","4.18","11","0.54","0.13","3","5","5","3","1385","29","{""Galtia"":1,""J-walk-"":2,""BNN Sherby"":4,""-TL- Grandma's Gunner"":4}","{""Ж | Sh(-)gun!"":1,""tank simp2"":2,""-TL- bic"":2,""Evil Santa 28"":3,""klondi"":1,""ᄿ Bert"":2,""-TL- Grandma's Gunner"":2,""-TL- Grandma"":2,""℧ | Blackshooter"":2,""=Wafflorz="":2,""-TL- Uncle Cletus"":1,""Ж | yourmomsmother"":2,""Ж | Zoomer"":1,""=KaPk="":1,""-TL- Grandma's Driver"":3,""Colt"":1,""-TL- hippie"":1,""Scrimmy ツ"":4,""Ж | Xan"":5,""BNN Sherby"":2,""-TL- REDACTED"":1,""Galtia"":1,""Kurile"":3,""-TL- rwendler613"":1}","830","25","1500","120","{""STG44"":4,""SATCHEL"":1,""TELLERMINE 43"":1,""COAXIAL MG34 [Sd.Kfz.181 Tiger 1]"":9,""75MM CANNON [Sd.Kfz.161 Panzer IV]"":4,""88 KWK 36 L/56 [Sd.Kfz.181 Tiger 1]"":26,""COAXIAL MG34 [Sd.Kfz.161 Panzer IV]"":1}","{""M1 GARAND"":1,""BROWNING M1919"":2,""75MM CANNON [Sherman M4A3(75)W]"":2,""76MM M1 GUN [Sherman M4A3E2(76)]"":6}"
"76561198065870287","'=exel=","45","48","0.94","5","0.53","0.56","6","0","2","1","419","17","{""Palustris"":3,""cidi Ж"":3,""-TL- Trance"":1,""Ж | I※nS"":1,""=Qalabash="":7,""=NG MilkMan="":5,""Jahseh Dahmer"":3,""markflapper - PC"":2,""Ж | Kalvus"":2,""CHMA | Lykaon"":1,""Ж | Sciz"":2,""вит | Pyrochemist"":3,""(WTH) HoneyBadger"":1,""-TL- Tigers0204"":4,""-TL- Use The PIAT!"":2,""MrInsaneBunny"":1,""-TL- Monster_Corndog"":1,""Ж Dyslexics※Untied"":2,""tank simper"":2,""-TL- Ken"":1,""DooperDupinskie"":1}","{""cidi Ж"":4,""ᄿ Rath"":1,""-TL- Trance"":2,""Ж | I※nS"":2,""=Qalabash="":5,""=NG MilkMan="":2,""Jahseh Dahmer"":2,""markflapper - PC"":2,""CHMA | Lykaon"":1,""вит | Pyrochemist"":7,""-TL- MsDieALOT"":2,""-TL- Tigers0204"":2,""Ж | Whiskey"":3,""-TL- Monster_Corndog"":4,""Ж | Davako"":1,""thelastpizzaroll"":4,""DooperDupinskie"":1}","316","300","380","820","{""BAZOOKA"":1,""M1 GARAND"":41,""M1918A2 BAR"":3}","{""MG42"":7,""MP40"":4,""STG44"":9,""GEWEHR 43"":26,""M43 STIELHANDGRANATE"":1,""150MM HOWITZER [sFH 18]"":1}"
"76561198110134972","cidi Ж","44","40","1.1","4","0.52","0.47","4","0","0","0","450","26","{""J-walk-"":2,""-TL- bic"":1,""=exel="":4,""-TL-Mik"":1,""℧ | Blackshooter"":2,""Data"":4,""=Wafflorz="":2,""Ж | yourmomsmother"":2,""=KaPk="":3,""Colt"":2,""Scrimmy ツ"":2,""Ж | Xan"":5,""-TL- REDACTED"":6,""Galtia"":3,""-TL- rwendler613"":1}","{""AB"":3,""J-walk-"":1,""Evil Santa 28"":2,""ᄿ Bert"":1,""=exel="":3,""℧ | Blackshooter"":2,""Data"":3,""=Wafflorz="":3,""Ж | yourmomsmother"":4,""Ж | Zoomer"":2,""Colt"":1,""Scrimmy ツ"":1,""Ж | Xan"":7,""-TL- REDACTED"":5,""Galtia"":3,""Kurile"":3}","314","862","1220","100","{""GEWEHR 43"":43,""M43 STIELHANDGRANATE"":1}","{""M1 GARAND"":36,""M1918A2 BAR"":2,""BROWNING M1919"":1,""M97 TRENCH GUN"":1}"
"76561199028983251","tank simper","44","26","1.69","7","0.52","0.3","4","0","0","0","664","20","{""J-walk-"":1,""Ж | Sh(-)gun!"":1,""tank simp2"":2,""ᄿ thesnowman"":3,""-TL- Grandma's Gunner"":1,""-TL- Mage"":1,""=KaPk="":1,""-TL- hippie"":3,""Ж | Xan"":5,""Ж | GasMask"":1,""BNN Sherby"":2,""-TL- REDACTED"":2,""3fm"":1,""Kurile"":2}","{""AB"":3,""J-walk-"":2,""Ж | Sh(-)gun!"":2,""-TL- bic"":1,""ᄿ Bert"":2,""=exel="":2,""ᄿ thesnowman"":3,""-TL-Mik"":2,""℧ | Blackshooter"":2,""=Wafflorz="":1,""-TL- Uncle Cletus"":1,""Ж | yourmomsmother"":1,""Ж | Zoomer"":1,""=KaPk="":2,""Colt"":2,""Scrimmy ツ"":3,""Ж | Xan"":3,""Ж | GasMask"":1,""-TL- REDACTED"":2,""3fm"":2,""Kurile"":1,""-TL- Peif_Rimgarr"":1,""Ж | Kim Jong ÛwÛ"":2,""-TL- rwendler613"":2}","486","35","740","520","{""MG42"":17,""MP40"":15,""S-MINE"":8,""GEWEHR 43"":3,""KARABINER 98K"":1}","{""M1 GARAND"":16,""M1 CARBINE"":1,""M1A1 THOMPSON"":1,""BROWNING M1919"":4,""155MM HOWITZER [M114]"":1,""76MM M1 GUN [Sherman M4A3E2(76)]"":2,""COAXIAL M1919 [Sherman M4A3E2(76)]"":1}"
"76561198369739392","'-TL- Uncle Cletus","43","57","0.75","6","0.5","0.67","9","1","3","2","321","23","{""ᄿ Rath"":5,""-TL- Trance"":1,""Ж | I※nS"":2,""=Qalabash="":1,""=NG MilkMan="":3,""Jahseh Dahmer"":6,""markflapper - PC"":5,""Ж | Kalvus"":2,""CHMA | Lykaon"":6,""Ж | Sciz"":2,""вит | Pyrochemist"":2,""(WTH) HoneyBadger"":6,""Ж | Davako"":5,""Ж Dyslexics※Untied"":5,""tank simper"":1,""-TL- Ken"":2,""DooperDupinskie"":2,""Hagrid"":1}","{""Palustris"":3,""[OP] Madcap"":1,""ᄿ Rath"":1,""Ж | I※nS"":2,""=Qalabash="":1,""=NG MilkMan="":2,""Jahseh Dahmer"":2,""Ж | Kalvus"":2,""CHMA | Lykaon"":1,""Ж | Sciz"":4,""вит | Pyrochemist"":3,""Ж | ※ Infidel"":2,""-TL- MsDieALOT"":2,""-TL- Tigers0204"":1,""WЖIDЖOЖW"":1,""MrInsaneBunny"":2,""-TL- Monster_Corndog"":1,""Ж | Davako"":4,""Ж Dyslexics※Untied"":3,""-TL- Ken"":3,""DooperDupinskie"":2}","309","75","540","420","{""M1 GARAND"":43}","{""MG42"":8,""MP40"":2,""STG44"":16,""GEWEHR 43"":19,""WALTHER P38"":1,""KARABINER 98K"":5,""150MM HOWITZER [sFH 18]"":6}"
"76561198217015808","Ж Dyslexics※Untied","43","44","0.98","6","0.5","0.52","5","0","1","1","426","30","{""AB"":1,""J-walk-"":2,""Ж | Sh(-)gun!"":1,""tank simp2"":1,""-TL- bic"":3,""Evil Santa 28"":1,""klondi"":2,""ᄿ Bert"":2,""-TL- Grandma's Gunner"":2,""-TL- Mage"":5,""℧ | Blackshooter"":4,""Data"":1,""-TL- Uncle Cletus"":3,""Ж | Zoomer"":1,""=KaPk="":3,""-TL- HotDog-7"":1,""-TL- Grandma's Driver"":1,""-TL- hippie"":2,""Ж | Xan"":1,""BNN Sherby"":1,""-TL- REDACTED"":1,""Galtia"":3,""-TL- rwendler613"":2}","{""Ж | Sh(-)gun!"":2,""tank simp2"":5,""Ж | y U h ※"":1,""-TL- bic"":1,""ᄿ Bert"":2,""=exel="":2,""ᄿ thesnowman"":1,""-TL-Mik"":2,""℧ | Blackshooter"":3,""Data"":3,""=Wafflorz="":1,""-TL- Uncle Cletus"":5,""Ж | Zoomer"":3,""Colt"":1,""Ж | GasMask"":2,""-TL- REDACTED"":2,""3fm"":2,""Galtia"":2,""Kurile"":1,""-TL- rwendler613"":2}","345","1216","1020","300","{""GEWEHR 43"":42,""M43 STIELHANDGRANATE"":1}","{""155MM HOWITZER [M114]"":5,""M1918A2 BAR"":2,""M1A1 THOMPSON"":1,""M97 TRENCH GUN"":1,""COAXIAL M1919 [Sherman M4A3E2(76)]"":2,""HULL M1919 [Sherman M4A3E2(76)]"":3,""BROWNING M1919"":2,""76MM M1 GUN [Sherman M4A3E2(76)]"":1,""M3 GREASE GUN"":1,""M1 GARAND"":26}"
"76561198141361405","BNN Sherby","43","10","4.3","22","0.5","0.12","5","5","1","1","869","57","{""Hagrid"":2,""-TL- Ken"":1,""Ж | Davako"":2,""Ж | Kalvus"":1,""-TL- NooDleOG"":2,""Jahseh Dahmer"":1,""Ж | ※ Infidel"":1}","{""Palustris"":3,""ᄿ Rath"":2,""-TL- Trance"":1,""Ж | I※nS"":2,""Terry"":2,""=NG MilkMan="":3,""Scythe"":2,""Jahseh Dahmer"":1,""markflapper - PC"":4,""Ж | Kalvus"":1,""Ж | Sciz"":1,""вит | Pyrochemist"":1,""-TL- MsDieALOT"":1,""WЖIDЖOЖW"":2,""-TL- Use The PIAT!"":1,""Ж | Whiskey"":1,""MrInsaneBunny"":2,""Ж | Davako"":1,""Ж Dyslexics※Untied"":1,""tank simper"":2,""DooperDupinskie"":5,""Hagrid"":4}","711","105","980","620","{""M1 GARAND"":3,""37MM CANNON [Stuart M5A1]"":2,""75MM CANNON [Sherman M4A3(75)W]"":3,""76MM M1 GUN [Sherman M4A3E2(76)]"":30,""COAXIAL M1919 [Sherman M4A3E2(76)]"":5}","{""SATCHEL"":1,""GEWEHR 43"":2,""KARABINER 98K"":1,""PANZERSCHRECK"":2,""88 KWK 36 L/56 [Sd.Kfz.181 Tiger 1]"":4}"
"76561198119570050","вит | Pyrochemist","43","62","0.69","3","0.5","0.73","6","0","4","1","216","20","{""J-walk-"":4,""Ж | Sh(-)gun!"":1,""-TL- bic"":3,""Evil Santa 28"":3,""klondi"":1,""=exel="":7,""ᄿ thesnowman"":2,""-TL- Grandma's Gunner"":2,""-TL- Mage"":4,""℧ | Blackshooter"":3,""Data"":2,""=Wafflorz="":3,""-TL- Uncle Cletus"":3,""Ж | yourmomsmother"":3,""=KaPk="":8,""-TL- HotDog-7"":1,""Colt"":1,""-TL- hippie"":2,""Ж | Xan"":1,""BNN Sherby"":1,""-TL- REDACTED"":1,""Galtia"":3,""-TL- Peif_Rimgarr"":2,""-TL- rwendler613"":1}","{""tank simp2"":4,""Ж | y U h ※"":1,""-TL- bic"":2,""Evil Santa 28"":2,""ᄿ Bert"":1,""=exel="":3,""℧ | Blackshooter"":3,""Data"":2,""=Wafflorz="":3,""-TL- Uncle Cletus"":2,""Ж | yourmomsmother"":2,""=KaPk="":4,""-TL- HotDog-7"":1,""-TL- hippie"":3,""Scrimmy ツ"":2,""Galtia"":2,""Kurile"":1,""-TL- Peif_Rimgarr"":1,""-TL- rwendler613"":4}","384","215","800","280","{""MP40"":1,""STG44"":32,""WALTHER P38"":1,""KARABINER 98K"":8,""M43 STIELHANDGRANATE"":1}","{""155MM HOWITZER [M114]"":4,""M1918A2 BAR"":2,""75MM CANNON [Sherman M4A3(75)W]"":1,""HULL M1919 [Sherman M4A3E2(76)]"":1,""BROWNING M1919"":3,""76MM M1 GUN [Sherman M4A3E2(76)]"":1,""M3 GREASE GUN"":1,""M1 CARBINE"":1,""M1 GARAND"":48}"
"76561198013841178","'-TL- Trance","40","37","1.08","9","0.47","0.43","8","0","0","0","407","24","{""-TL- bic"":2,""Evil Santa 28"":2,""ᄿ Bert"":1,""=exel="":2,""ᄿ thesnowman"":1,""-TL- Grandma's Gunner"":1,""-TL-Mik"":2,""-TL- Mage"":5,""Data"":3,""=Wafflorz="":2,""Ж | yourmomsmother"":2,""=KaPk="":1,""-TL- Grandma's Driver"":1,""Colt"":1,""-TL- hippie"":3,""Ж | Xan"":1,""BNN Sherby"":1,""3fm"":1,""Galtia"":2,""Kurile"":1,""Ж | Kim Jong ÛwÛ"":1,""-TL- rwendler613"":1}","{""AB"":2,""J-walk-"":1,""Ж | Sh(-)gun!"":1,""-TL- bic"":1,""Evil Santa 28"":1,""=exel="":1,""Data"":3,""=Wafflorz="":3,""-TL- Uncle Cletus"":1,""Ж | yourmomsmother"":4,""Ж | Zoomer"":2,""=KaPk="":3,""Colt"":4,""-TL- hippie"":1,""Scrimmy ツ"":2,""Ж | Xan"":3,""3fm"":1,""Galtia"":1,""Kurile"":2,""Ж | Kim Jong ÛwÛ"":1,""-TL- rwendler613"":2}","292","1283","1100","300","{""GEWEHR 43"":39,""WALTHER P38"":1}","{""155MM HOWITZER [M114]"":5,""M1918A2 BAR"":1,""M1A1 THOMPSON"":1,""75MM CANNON [Sherman M4A3(75)W]"":1,""COAXIAL M1919 [Sherman M4A3E2(76)]"":1,""BROWNING M1919"":1,""M3 GREASE GUN"":1,""Sherman M4A3(75)W"":1,""M1 GARAND"":25}"
"76561198018512527","Palustris","40","55","0.73","5","0.47","0.64","6","0","1","1","384","20","{""J-walk-"":4,""-TL- bic"":4,""ᄿ Bert"":2,""-TL- Grandma's Gunner"":3,""-TL-Mik"":2,""-TL- Mage"":12,""℧ | Blackshooter"":5,""Data"":2,""=Wafflorz="":3,""-TL- Uncle Cletus"":3,""Ж | yourmomsmother"":1,""=KaPk="":3,""Colt"":1,""-TL- hippie"":2,""Ж | Xan"":2,""BNN Sherby"":3,""-TL- REDACTED"":1,""Galtia"":1,""-TL- rwendler613"":1}","{""AB"":2,""J-walk-"":1,""-TL- bic"":1,""ᄿ Bert"":5,""=exel="":3,""ᄿ thesnowman"":1,""-TL-Mik"":1,""℧ | Blackshooter"":1,""Data"":1,""=Wafflorz="":2,""Ж | yourmomsmother"":2,""Ж | Zoomer"":2,""=KaPk="":1,""-TL- HotDog-7"":2,""Colt"":3,""-TL- hippie"":2,""-TL- REDACTED"":3,""Galtia"":3,""-TL- Peif_Rimgarr"":1,""Ж | Kim Jong ÛwÛ"":2,""-TL- rwendler613"":1}","249","1075","1100","140","{""GEWEHR 43"":39,""M43 STIELHANDGRANATE"":1}","{""BAZOOKA"":1,""M1 GARAND"":31,""M3 GREASE GUN"":2,""BROWNING M1919"":2,""M97 TRENCH GUN"":1,""155MM HOWITZER [M114]"":12,""76MM M1 GUN [Sherman M4A3E2(76)]"":6}"
"76561198074581560","Galtia","36","53","0.68","4","0.42","0.62","7","1","3","2","288","14","{""Palustris"":3,""cidi Ж"":3,""ᄿ Rath"":4,""-TL- Trance"":1,""Ж | I※nS"":2,""=Qalabash="":3,""=NG MilkMan="":1,""Jahseh Dahmer"":5,""markflapper - PC"":1,""Ж | Kalvus"":1,""CHMA | Lykaon"":1,""Ж | Sciz"":2,""вит | Pyrochemist"":2,""(WTH) HoneyBadger"":4,""-TL- MsDieALOT"":1,""-TL- Tigers0204"":6,""WЖIDЖOЖW"":2,""Ж | Whiskey"":1,""MrInsaneBunny"":2,""Ж | Davako"":2,""Ж Dyslexics※Untied"":2,""thelastpizzaroll"":1,""DooperDupinskie"":2,""Hagrid"":1}","{""Palustris"":1,""cidi Ж"":3,""ᄿ Rath"":3,""-TL- Trance"":2,""Ж | I※nS"":1,""Jahseh Dahmer"":1,""markflapper - PC"":2,""CHMA | Lykaon"":1,""Ж | Sciz"":2,""вит | Pyrochemist"":3,""Ж | ※ Infidel"":2,""-TL- MsDieALOT"":2,""WЖIDЖOЖW"":1,""-TL- Use The PIAT!"":1,""Ж | Whiskey"":3,""MrInsaneBunny"":1,""Ж Dyslexics※Untied"":3,""thelastpizzaroll"":1,""DooperDupinskie"":2,""Hagrid"":1}","377","2933","280","820","{""BAZOOKA"":2,""M1 GARAND"":25,""M1 CARBINE"":1,""M1918A2 BAR"":1,""MK2 GRENADE"":1,""BROWNING M1919"":5,""M97 TRENCH GUN"":1}","{""MG42"":4,""STG44"":13,""GEWEHR 43"":25,""KARABINER 98K"":4,""M43 STIELHANDGRANATE"":2,""150MM HOWITZER [sFH 18]"":4,""88 KWK 36 L/56 [Sd.Kfz.181 Tiger 1]"":1}"
"76561197983252948","Ж | yourmomsmother","36","46","0.78","5","0.42","0.54","6","1","0","0","491","20","{""Palustris"":2,""cidi Ж"":4,""[OP] Madcap"":1,""-TL- Trance"":4,""=Qalabash="":1,""=NG MilkMan="":2,""Jahseh Dahmer"":2,""markflapper - PC"":2,""Ж | Kalvus"":1,""CHMA | Lykaon"":2,""Ж | Sciz"":1,""вит | Pyrochemist"":2,""Ж | ※ Infidel"":2,""(WTH) HoneyBadger"":3,""-TL- MsDieALOT"":1,""-TL- Tigers0204"":3,""-TL- Use The PIAT!"":1,""Ж | Whiskey"":3,""MrInsaneBunny"":1,""Ж | Davako"":1,""tank simper"":1,""-TL- Ken"":1,""-TL- NooDleOG"":1,""DooperDupinskie"":2,""Hagrid"":2}","{""Palustris"":1,""cidi Ж"":2,""-TL- Trance"":2,""Ж | I※nS"":1,""=Qalabash="":1,""=NG MilkMan="":3,""Jahseh Dahmer"":2,""markflapper - PC"":2,""CHMA | Lykaon"":1,""вит | Pyrochemist"":3,""-TL- Tigers0204"":2,""WЖIDЖOЖW"":1,""-TL- Use The PIAT!"":3,""MrInsaneBunny"":3,""-TL- Monster_Corndog"":1,""-TL- Ken"":2,""thelastpizzaroll"":5,""DooperDupinskie"":1}","305","3080","380","820","{""BAZOOKA"":1,""M1 GARAND"":28,""M1918A2 BAR"":1,""M3 GREASE GUN"":6}","{""75MM CANNON [Sd.Kfz.161 Panzer IV]"":1,""STG44"":7,""GEWEHR 43"":18,""COAXIAL MG34 [Sd.Kfz.181 Tiger 1]"":1,""150MM HOWITZER [sFH 18]"":3,""88 KWK 36 L/56 [Sd.Kfz.181 Tiger 1]"":1,""MG42"":8,""KARABINER 98K"":3,""MP40"":4}"
"76561198031909413","Ж | Whiskey","35","47","0.74","5","0.41","0.55","6","0","2","1","555","27","{""AB"":1,""J-walk-"":2,""Ж | Sh(-)gun!"":2,""tank simp2"":1,""-TL- bic"":2,""ᄿ Bert"":3,""=exel="":3,""-TL- Grandma's Gunner"":2,""-TL-Mik"":1,""-TL- Mage"":2,""℧ | Blackshooter"":4,""=Wafflorz="":1,""Ж | Zoomer"":1,""=KaPk="":1,""-TL- HotDog-7"":1,""-TL- hippie"":1,""Ж | Xan"":1,""Ж | GasMask"":2,""BNN Sherby"":1,""-TL- REDACTED"":3,""3fm"":3,""Galtia"":3,""Kurile"":1,""-TL- Peif_Rimgarr"":2,""Ж | Kim Jong ÛwÛ"":3}","{""Ж | Sh(-)gun!"":6,""tank simp2"":3,""ᄿ Bert"":1,""ᄿ thesnowman"":1,""℧ | Blackshooter"":4,""Ж | yourmomsmother"":3,""Ж | Zoomer"":1,""-TL- HotDog-7"":2,""-TL- hippie"":1,""Scrimmy ツ"":3,""Ж | Xan"":1,""3fm"":1,""Galtia"":1,""-TL- Peif_Rimgarr"":1,""Ж | Kim Jong ÛwÛ"":5,""-TL- rwendler613"":1}","336","470","540","520","{""FG42"":6,""MP40"":2,""STG44"":8,""GEWEHR 43"":6,""KARABINER 98K"":12,""M43 STIELHANDGRANATE"":1}","{""155MM HOWITZER [M114]"":2,""M97 TRENCH GUN"":1,""MK2 GRENADE"":1,""COAXIAL M1919 [Sherman M4A3E2(76)]"":1,""BROWNING M1919"":4,""BAZOOKA"":1,""COAXIAL M1919 [Sherman M4A3(75)W]"":1,""M3 GREASE GUN"":3,""M1 GARAND"":33}"
"76561197980110146","[OP] Madcap","32","32","1","21","0.37","0.37","12","1","0","0","973","28","{""AB"":1,""J-walk-"":1,""Ж | Sh(-)gun!"":4,""-TL- bic"":2,""Evil Santa 28"":1,""ᄿ thesnowman"":2,""-TL-Mik"":1,""-TL- Mage"":4,""℧ | Blackshooter"":2,""=Wafflorz="":2,""-TL- Uncle Cletus"":1,""-TL- hippie"":1,""Ж | GasMask"":5,""-TL- REDACTED"":1,""3fm"":2,""Ж | Kim Jong ÛwÛ"":2}","{""AB"":2,""Ж | Sh(-)gun!"":6,""ᄿ thesnowman"":1,""℧ | Blackshooter"":2,""Ж | yourmomsmother"":1,""Ж | Zoomer"":6,""-TL- HotDog-7"":1,""Ж | GasMask"":6,""3fm"":1,""Ж | Kim Jong ÛwÛ"":5,""-TL- rwendler613"":1}","259","1065","520","860","{""GEWEHR 43"":31,""M43 STIELHANDGRANATE"":1}","{""M1 GARAND"":25,""BOMBING RUN"":1,""BROWNING M1919"":1,""M97 TRENCH GUN"":1,""155MM HOWITZER [M114]"":4}"
"76561198067231683","Colt","31","70","0.44","3","0.36","0.82","11","2","1","1","270","13","{""Palustris"":3,""cidi Ж"":1,""ᄿ Rath"":2,""-TL- Trance"":4,""Ж | I※nS"":3,""=Qalabash="":2,""=NG MilkMan="":4,""Jahseh Dahmer"":2,""markflapper - PC"":6,""Ж | Kalvus"":2,""CHMA | Lykaon"":3,""Ж | Sciz"":4,""Ж | ※ Infidel"":2,""(WTH) HoneyBadger"":5,""-TL- Tigers0204"":5,""WЖIDЖOЖW"":1,""-TL- Use The PIAT!"":1,""MrInsaneBunny"":3,""-TL- Monster_Corndog"":1,""Ж | Davako"":2,""Ж Dyslexics※Untied"":1,""tank simper"":2,""-TL- Ken"":2,""-TL- NooDleOG"":1,""DooperDupinskie"":7,""Hagrid"":1}","{""Palustris"":1,""cidi Ж"":2,""ᄿ Rath"":2,""-TL- Trance"":1,""Ж | I※nS"":1,""=Qalabash="":3,""markflapper - PC"":1,""Ж | Kalvus"":2,""вит | Pyrochemist"":1,""Ж | ※ Infidel"":3,""-TL- MsDieALOT"":2,""-TL- Tigers0204"":1,""WЖIDЖOЖW"":1,""-TL- Use The PIAT!"":1,""MrInsaneBunny"":2,""-TL- Monster_Corndog"":2,""Ж | Davako"":2,""thelastpizzaroll"":1,""DooperDupinskie"":2}","242","0","300","780","{""M1 GARAND"":23,""M1918A2 BAR"":5,""MK2 GRENADE"":2,""M1A1 THOMPSON"":1}","{""STG44"":9,""GEWEHR 43"":34,""PANZERSCHRECK"":1,""BOMBING RUN"":1,""150MM HOWITZER [sFH 18]"":5,""88 KWK 36 L/56 [Sd.Kfz.181 Tiger 1]"":1,""MG42"":12,""KARABINER 98K"":3,""MP40"":4}"
"76561198022560083","Ж | Kalvus","31","36","0.86","5","0.36","0.42","10","0","3","1","475","37","{""AB"":1,""tank simp2"":1,""klondi"":1,""ᄿ thesnowman"":1,""-TL- Grandma's Gunner"":3,""-TL-Mik"":2,""-TL- Mage"":5,""℧ | Blackshooter"":2,""Data"":1,""=Wafflorz="":1,""-TL- Uncle Cletus"":2,""=KaPk="":2,""Colt"":2,""Ж | Xan"":1,""Ж | GasMask"":3,""BNN Sherby"":1,""-TL- REDACTED"":4,""3fm"":1,""-TL- Peif_Rimgarr"":1,""Ж | Kim Jong ÛwÛ"":1}","{""AB"":2,""Ж | Sh(-)gun!"":1,""-TL- bic"":1,""ᄿ Bert"":1,""=exel="":2,""-TL-Mik"":1,""℧ | Blackshooter"":1,""=Wafflorz="":1,""-TL- Uncle Cletus"":2,""Ж | yourmomsmother"":1,""Ж | Zoomer"":1,""=KaPk="":2,""-TL- HotDog-7"":2,""Colt"":2,""Scrimmy ツ"":1,""Ж | GasMask"":3,""BNN Sherby"":1,""Galtia"":1,""Kurile"":2,""-TL- Peif_Rimgarr"":1,""Ж | Kim Jong ÛwÛ"":1,""-TL- rwendler613"":1}","282","2920","780","380","{""MP40"":11,""UNKNOWN"":1,""GEWEHR 43"":15,""KARABINER 98K"":2,""PANZERSCHRECK"":2}","{""M1 GARAND"":22,""M1 CARBINE"":1,""M1918A2 BAR"":2,""BROWNING M1919"":1,""155MM HOWITZER [M114]"":5,""HULL M1919 [Sherman M4A3E2(76)]"":1,""76MM M1 GUN [Sherman M4A3E2(76)]"":2,""COAXIAL M1919 [Sherman M4A3E2(76)]"":2}"
"76561199075212993","'-TL-Mik","30","43","0.7","5","0.35","0.5","7","0","0","0","428","32","{""Palustris"":1,""ᄿ Rath"":3,""Ж | I※nS"":3,""=Qalabash="":2,""=NG MilkMan="":5,""Jahseh Dahmer"":6,""markflapper - PC"":7,""Ж | Kalvus"":1,""CHMA | Lykaon"":1,""Ж | Sciz"":1,""(WTH) HoneyBadger"":2,""-TL- Tigers0204"":1,""-TL- Use The PIAT!"":2,""MrInsaneBunny"":2,""Ж Dyslexics※Untied"":2,""tank simper"":2,""-TL- NooDleOG"":1,""DooperDupinskie"":1}","{""Palustris"":2,""cidi Ж"":1,""[OP] Madcap"":1,""ᄿ Rath"":4,""-TL- Trance"":2,""Ж | I※nS"":1,""=NG MilkMan="":1,""Jahseh Dahmer"":2,""markflapper - PC"":1,""Ж | Kalvus"":2,""CHMA | Lykaon"":2,""Ж | ※ Infidel"":1,""-TL- MsDieALOT"":1,""-TL- Use The PIAT!"":2,""Ж | Whiskey"":1,""MrInsaneBunny"":1,""Ж | Davako"":2,""-TL- Ken"":1,""DooperDupinskie"":2}","218","150","740","400","{""M1 GARAND"":18,""M1918A2 BAR"":6,""MK2 GRENADE"":2,""M3 GREASE GUN"":4}","{""STG44"":9,""GEWEHR 43"":13,""UNKNOWN"":4,""S-MINE"":1,""150MM HOWITZER [sFH 18]"":2,""88 KWK 36 L/56 [Sd.Kfz.181 Tiger 1]"":1,""MG42"":11,""KARABINER 98K"":1,""MP40"":1}"
"76561197960409371","Ж | GasMask","28","37","0.76","5","0.33","0.43","8","0","0","0","501","28","{""[OP] Madcap"":6,""ᄿ Rath"":2,""Ж | I※nS"":2,""=Qalabash="":1,""Jahseh Dahmer"":1,""markflapper - PC"":2,""Ж | Kalvus"":3,""CHMA | Lykaon"":4,""Ж | Sciz"":2,""(WTH) HoneyBadger"":2,""-TL- Tigers0204"":2,""MrInsaneBunny"":1,""Ж | Davako"":3,""Ж Dyslexics※Untied"":2,""tank simper"":1,""-TL- Ken"":2,""-TL- NooDleOG"":1}","{""[OP] Madcap"":5,""ᄿ Rath"":2,""Ж | I※nS"":1,""=NG MilkMan="":1,""Jahseh Dahmer"":1,""markflapper - PC"":2,""Ж | Kalvus"":3,""CHMA | Lykaon"":1,""- TL - Alex Von Doom"":1,""Ж | Sciz"":4,""Ж | ※ Infidel"":1,""-TL- Tigers0204"":1,""Ж | Whiskey"":2,""tank simper"":1,""thelastpizzaroll"":1,""DooperDupinskie"":1}","231","1439","900","340","{""M1 GARAND"":27,""MK2 GRENADE"":1}","{""MG42"":6,""MP40"":4,""STG44"":3,""GEWEHR 43"":17,""KARABINER 98K"":3,""M43 STIELHANDGRANATE"":1,""150MM HOWITZER [sFH 18]"":2,""75MM CANNON [Sd.Kfz.161 Panzer IV]"":1}"
"76561197960399869","3fm","27","16","1.69","12","0.32","0.19","5","1","0","0","1136","28","{""[OP] Madcap"":1,""ᄿ Rath"":1,""-TL- Trance"":1,""CHMA | Lykaon"":1,""Ж | Sciz"":1,""(WTH) HoneyBadger"":2,""-TL- Use The PIAT!"":1,""Ж | Whiskey"":1,""Ж Dyslexics※Untied"":2,""tank simper"":2,""thelastpizzaroll"":1,""-TL- NooDleOG"":1,""DooperDupinskie"":1}","{""[OP] Madcap"":2,""ᄿ Rath"":1,""-TL- Trance"":1,""=Qalabash="":1,""=NG MilkMan="":2,""Ж | Kalvus"":1,""CHMA | Lykaon"":1,""-TL- MsDieALOT"":3,""-TL- Tigers0204"":1,""WЖIDЖOЖW"":1,""-TL- Use The PIAT!"":2,""Ж | Whiskey"":3,""MrInsaneBunny"":2,""-TL- Monster_Corndog"":2,""tank simper"":1,""thelastpizzaroll"":1,""DooperDupinskie"":2}","217","4571","1520","60","{""M1 GARAND"":19,""BOMBING RUN"":6,""STRAFING RUN"":2}","{""MP40"":2,""STG44"":3,""S-MINE"":1,""GEWEHR 43"":7,""150MM HOWITZER [sFH 18]"":2,""COAXIAL MG34 [Sd.Kfz.234 Puma]"":1}"
"76561197961701596","'-TL- Use The PIAT!","26","53","0.49","4","0.3","0.62","16","1","1","1","415","18","{""J-walk-"":3,""tank simp2"":3,""-TL- bic"":2,""Evil Santa 28"":2,""klondi"":1,""ᄿ Bert"":2,""ᄿ thesnowman"":3,""-TL- Grandma's Gunner"":2,""-TL-Mik"":2,""-TL- Mage"":6,""℧ | Blackshooter"":4,""Data"":2,""=Wafflorz="":2,""Ж | yourmomsmother"":3,""=KaPk="":2,""-TL- HotDog-7"":1,""-TL- Grandma's Driver"":1,""Colt"":1,""-TL- hippie"":3,""BNN Sherby"":1,""-TL- REDACTED"":1,""3fm"":2,""Galtia"":1,""-TL- Peif_Rimgarr"":2,""Ж | Kim Jong ÛwÛ"":1}","{""AB"":2,""tank simp2"":1,""-TL- bic"":2,""Evil Santa 28"":1,""ᄿ Bert"":1,""=exel="":2,""-TL-Mik"":2,""℧ | Blackshooter"":1,""Data"":1,""=Wafflorz="":1,""Ж | yourmomsmother"":1,""=KaPk="":2,""Colt"":1,""-TL- hippie"":1,""Ж | Xan"":2,""-TL- REDACTED"":2,""3fm"":1,""-TL- Peif_Rimgarr"":1,""Ж | Kim Jong ÛwÛ"":1}","498","2150","860","280","{""MP40"":21,""S-MINE"":4,""UNKNOWN"":1}","{""155MM HOWITZER [M114]"":6,""M1918A2 BAR"":2,""MK2 GRENADE"":1,""75MM CANNON [Sherman M4A3(75)W]"":1,""COAXIAL M1919 [Sherman M4A3E2(76)]"":1,""HULL M1919 [Sherman M4A3E2(76)]"":2,""BROWNING M1919"":6,""76MM M1 GUN [Sherman M4A3E2(76)]"":1,""BAZOOKA"":1,""M3 GREASE GUN"":1,""M1 CARBINE"":2,""M1 GARAND"":29}"
"76561198011072788","Kurile","26","46","0.57","3","0.3","0.54","10","0","0","0","391","19","{""cidi Ж"":3,""ᄿ Rath"":1,""-TL- Trance"":2,""Ж | I※nS"":1,""=Qalabash="":1,""=NG MilkMan="":2,""Jahseh Dahmer"":2,""markflapper - PC"":5,""Ж | Kalvus"":2,""Ж | Sciz"":2,""вит | Pyrochemist"":1,""(WTH) HoneyBadger"":1,""-TL- MsDieALOT"":1,""-TL- Tigers0204"":3,""-TL- Monster_Corndog"":5,""Ж Dyslexics※Untied"":1,""tank simper"":1,""-TL- Ken"":2,""thelastpizzaroll"":2,""DooperDupinskie"":5,""Hagrid"":3}","{""-TL- ULFBERHT"":2,""-TL- Trance"":1,""=Qalabash="":2,""=NG MilkMan="":1,""- TL - Alex Von Doom"":2,""Ж | Sciz"":1,""Ж | ※ Infidel"":1,""-TL- MsDieALOT"":2,""Ж | Whiskey"":1,""-TL- Monster_Corndog"":1,""Ж | Davako"":2,""tank simper"":2,""thelastpizzaroll"":1,""-TL- NooDleOG"":2,""DooperDupinskie"":5}","409","75","300","900","{""SATCHEL"":5,""M1 GARAND"":2,""M1 CARBINE"":2,""M1A1 THOMPSON"":2,""M3 GREASE GUN"":1,""BROWNING M1919"":9,""M97 TRENCH GUN"":5}","{""MG42"":10,""STG44"":7,""GEWEHR 43"":22,""KARABINER 98K"":3,""150MM HOWITZER [sFH 18]"":1,""75MM CANNON [Sd.Kfz.161 Panzer IV]"":1,""88 KWK 36 L/56 [Sd.Kfz.181 Tiger 1]"":1,""COAXIAL MG34 [Sd.Kfz.161 Panzer IV]"":1}"
"76561199372726194","'-TL- Monster_Corndog","26","34","0.76","10","0.3","0.4","7","1","0","0","513","32","{""AB"":1,""J-walk-"":1,""tank simp2"":1,""-TL- bic"":4,""=exel="":4,""ᄿ thesnowman"":2,""-TL- Mage"":2,""℧ | Blackshooter"":2,""=Wafflorz="":2,""-TL- Uncle Cletus"":1,""Ж | yourmomsmother"":1,""=KaPk="":2,""Colt"":2,""-TL- hippie"":2,""Ж | Xan"":1,""-TL- REDACTED"":2,""3fm"":2,""Kurile"":1,""Ж | Kim Jong ÛwÛ"":1}","{""J-walk-"":2,""tank simp2"":1,""=exel="":1,""Data"":2,""=KaPk="":2,""Colt"":1,""Scrimmy ツ"":3,""Ж | Xan"":5,""-TL- REDACTED"":3,""Kurile"":5,""-TL- rwendler613"":1}","238","993","960","400","{""GEWEHR 43"":26}","{""BAZOOKA"":2,""M1 GARAND"":28,""M1918A2 BAR"":1,""BROWNING M1919"":1,""155MM HOWITZER [M114]"":2}"
"76561197966802712","Ж | Sh(-)gun!","25","59","0.42","4","0.29","0.69","18","1","0","0","270","25","{""[OP] Madcap"":6,""ᄿ Rath"":5,""-TL- Trance"":1,""Ж | I※nS"":3,""=NG MilkMan="":4,""Jahseh Dahmer"":2,""markflapper - PC"":1,""Ж | Kalvus"":1,""CHMA | Lykaon"":3,""Ж | Sciz"":6,""Ж | ※ Infidel"":1,""(WTH) HoneyBadger"":4,""-TL- Tigers0204"":2,""WЖIDЖOЖW"":1,""Ж | Whiskey"":6,""Ж | Davako"":2,""Ж Dyslexics※Untied"":2,""tank simper"":2,""-TL- Ken"":4,""thelastpizzaroll"":1,""DooperDupinskie"":1,""Hagrid"":1}","{""[OP] Madcap"":4,""Ж | I※nS"":1,""Jahseh Dahmer"":2,""markflapper - PC"":1,""CHMA | Lykaon"":3,""Ж | Sciz"":1,""вит | Pyrochemist"":1,""Ж | ※ Infidel"":1,""Ж | Whiskey"":2,""MrInsaneBunny"":2,""Ж | Davako"":5,""Ж Dyslexics※Untied"":1,""tank simper"":1}","256","3270","680","420","{""M1 GARAND"":23,""MK2 GRENADE"":1,""M97 TRENCH GUN"":1}","{""STG44"":9,""GEWEHR 43"":26,""150MM HOWITZER [sFH 18]"":4,""SATCHEL"":1,""PRECISION STRIKE"":1,""MG42"":3,""KARABINER 98K"":8,""FG42"":2,""MP40"":5}"
"76561198063460643","Evil Santa 28","25","37","0.68","4","0.29","0.43","9","0","0","0","475","-36","{""cidi Ж"":2,""ᄿ Rath"":2,""-TL- Trance"":1,""Ж | I※nS"":1,""=Qalabash="":2,""=NG MilkMan="":2,""Jahseh Dahmer"":4,""markflapper - PC"":2,""вит | Pyrochemist"":2,""(WTH) HoneyBadger"":6,""-TL- Tigers0204"":2,""-TL- Use The PIAT!"":1,""MrInsaneBunny"":2,""Ж | Davako"":2,""-TL- Ken"":2,""-TL- NooDleOG"":1,""Hagrid"":3}","{""[OP] Madcap"":1,""ᄿ Rath"":1,""-TL- Trance"":2,""Ж | I※nS"":1,""=Qalabash="":2,""Scythe"":1,""Ж | Sciz"":1,""вит | Pyrochemist"":3,""-TL- Tigers0204"":1,""-TL- Use The PIAT!"":2,""MrInsaneBunny"":1,""Ж | Davako"":3,""Ж Dyslexics※Untied"":1,""-TL- Ken"":3,""thelastpizzaroll"":2}","217","240","960","640","{""M1 GARAND"":21,""M1918A2 BAR"":4}","{""STG44"":5,""GEWEHR 43"":13,""COAXIAL MG34 [Sd.Kfz.181 Tiger 1]"":1,""150MM HOWITZER [sFH 18]"":6,""88 KWK 36 L/56 [Sd.Kfz.181 Tiger 1]"":3,""WALTHER P38"":1,""MG42"":5,""KARABINER 98K"":2,""MP40"":1}"
"76561198035359497","Ж | ※ Infidel","25","64","0.39","4","0.29","0.75","12","0","2","1","244","20","{""AB"":1,""J-walk-"":4,""Ж | Sh(-)gun!"":1,""tank simp2"":2,""Ж | y U h ※"":1,""-TL- bic"":3,""ᄿ thesnowman"":7,""-TL- Grandma's Gunner"":3,""-TL-Mik"":1,""-TL- Mage"":7,""℧ | Blackshooter"":6,""=Wafflorz="":1,""-TL- Uncle Cletus"":2,""=KaPk="":3,""-TL- HotDog-7"":1,""-TL- Grandma's Driver"":4,""Colt"":3,""-TL- hippie"":1,""Ж | Xan"":2,""Ж | GasMask"":1,""-TL- REDACTED"":3,""Galtia"":2,""Kurile"":1,""-TL- Peif_Rimgarr"":1,""Ж | Kim Jong ÛwÛ"":1,""-TL- rwendler613"":2}","{""AB"":2,""J-walk-"":1,""Ж | Sh(-)gun!"":1,""tank simp2"":2,""-TL- bic"":1,""klondi"":2,""ᄿ Bert"":1,""ᄿ thesnowman"":3,""=Wafflorz="":1,""Ж | yourmomsmother"":2,""Ж | Zoomer"":2,""-TL- HotDog-7"":1,""Colt"":2,""-TL- hippie"":2,""Scrimmy ツ"":1,""BNN Sherby"":1}","275","175","720","320","{""GEWEHR 43"":3,""KARABINER 98K"":19,""PANZERSCHRECK"":3}","{""155MM HOWITZER [M114]"":7,""M1918A2 BAR"":1,""M1A1 THOMPSON"":1,""MK2 GRENADE"":1,""COAXIAL M1919 [Sherman M4A3E2(76)]"":1,""HULL M1919 [Sherman M4A3E2(76)]"":1,""BROWNING M1919"":6,""COLT M1911"":1,""76MM M1 GUN [Sherman M4A3E2(76)]"":2,""HULL M1919 [Sherman M4A3(75)W]"":3,""M1 CARBINE"":4,""M1 GARAND"":36}"
"76561198303838222","ᄿ Bert","24","71","0.34","2","0.28","0.83","18","0","1","1","198","18","{""Palustris"":5,""cidi Ж"":1,""ᄿ Rath"":3,""Ж | I※nS"":9,""=Qalabash="":1,""=NG MilkMan="":1,""Jahseh Dahmer"":9,""markflapper - PC"":6,""Ж | Kalvus"":1,""CHMA | Lykaon"":1,""Ж | Sciz"":1,""вит | Pyrochemist"":1,""Ж | ※ Infidel"":1,""(WTH) HoneyBadger"":6,""-TL- Tigers0204"":3,""-TL- Use The PIAT!"":1,""Ж | Whiskey"":1,""MrInsaneBunny"":2,""Ж | Davako"":6,""Ж Dyslexics※Untied"":2,""tank simper"":2,""-TL- Ken"":2,""thelastpizzaroll"":2,""-TL- NooDleOG"":1,""DooperDupinskie"":1,""Hagrid"":2}","{""Palustris"":2,""ᄿ Rath"":1,""-TL- Trance"":1,""Ж | I※nS"":2,""=NG MilkMan="":1,""Jahseh Dahmer"":2,""markflapper - PC"":3,""CHMA | Lykaon"":1,""-TL- Tigers0204"":1,""-TL- Use The PIAT!"":2,""Ж | Whiskey"":3,""MrInsaneBunny"":1,""Ж | Davako"":2,""Ж Dyslexics※Untied"":2}","174","1191","620","440","{""M1 GARAND"":24}","{""STG44"":11,""GEWEHR 43"":27,""UNKNOWN"":1,""COAXIAL MG34 [Sd.Kfz.181 Tiger 1]"":3,""150MM HOWITZER [sFH 18]"":6,""M43 STIELHANDGRANATE"":1,""MG42"":8,""KARABINER 98K"":8,""MP40"":6}"
"76561198036450575","'-TL- rwendler613","23","55","0.42","2","0.27","0.64","9","0","1","1","291","21","{""Palustris"":1,""[OP] Madcap"":1,""ᄿ Rath"":8,""-TL- Trance"":2,""Ж | I※nS"":3,""=NG MilkMan="":1,""Jahseh Dahmer"":3,""markflapper - PC"":3,""Ж | Kalvus"":1,""CHMA | Lykaon"":2,""Ж | Sciz"":4,""вит | Pyrochemist"":4,""(WTH) HoneyBadger"":5,""-TL- Tigers0204"":3,""Ж | Whiskey"":1,""MrInsaneBunny"":1,""-TL- Monster_Corndog"":1,""Ж | Davako"":2,""Ж Dyslexics※Untied"":2,""tank simper"":2,""-TL- Ken"":2,""DooperDupinskie"":2,""Hagrid"":1}","{""Palustris"":1,""cidi Ж"":1,""ᄿ Rath"":1,""-TL- Trance"":1,""Ж | I※nS"":1,""=NG MilkMan="":1,""Jahseh Dahmer"":3,""markflapper - PC"":1,""CHMA | Lykaon"":2,""Ж | Sciz"":1,""вит | Pyrochemist"":1,""Ж | ※ Infidel"":2,""-TL- MsDieALOT"":2,""Ж | Davako"":2,""Ж Dyslexics※Untied"":2,""-TL- Ken"":1}","176","165","620","400","{""M1 GARAND"":22,""M3 GREASE GUN"":1}","{""75MM CANNON [Sd.Kfz.161 Panzer IV]"":1,""LUGER P08"":1,""STG44"":14,""GEWEHR 43"":19,""S-MINE"":1,""150MM HOWITZER [sFH 18]"":5,""M43 STIELHANDGRANATE"":1,""SATCHEL"":1,""MG42"":4,""KARABINER 98K"":7,""MP40"":1}"
"76561198061538792","'-TL- Peif_Rimgarr","23","38","0.61","3","0.27","0.44","8","1","1","1","485","36","{""Palustris"":1,""ᄿ Rath"":6,""Ж | I※nS"":3,""=NG MilkMan="":5,""Jahseh Dahmer"":4,""markflapper - PC"":6,""Ж | Kalvus"":1,""CHMA | Lykaon"":1,""вит | Pyrochemist"":1,""(WTH) HoneyBadger"":1,""-TL- Tigers0204"":2,""-TL- Use The PIAT!"":1,""Ж | Whiskey"":1,""MrInsaneBunny"":1,""Ж | Davako"":1,""tank simper"":1,""-TL- Ken"":1,""DooperDupinskie"":1}","{""ᄿ Rath"":4,""Ж | I※nS"":1,""=NG MilkMan="":1,""Jahseh Dahmer"":2,""markflapper - PC"":1,""Ж | Kalvus"":1,""Ж | Sciz"":2,""вит | Pyrochemist"":2,""Ж | ※ Infidel"":1,""-TL- Tigers0204"":1,""-TL- Use The PIAT!"":2,""Ж | Whiskey"":2,""Ж | Davako"":1,""-TL- Ken"":1,""thelastpizzaroll"":1}","181","1844","840","440","{""UNKNOWN"":1,""M1 GARAND"":20,""MK2 GRENADE"":2}","{""MG42"":9,""STG44"":14,""S-MINE"":2,""GEWEHR 43"":12,""150MM HOWITZER [sFH 18]"":1}"
"76561199103106406","Ж | Kim Jong ÛwÛ","21","29","0.72","5","0.24","0.34","5","0","1","1","925","34","{""Palustris"":2,""[OP] Madcap"":5,""-TL- Trance"":1,""=Qalabash="":1,""markflapper - PC"":1,""Ж | Kalvus"":1,""CHMA | Lykaon"":2,""Ж | Sciz"":3,""(WTH) HoneyBadger"":1,""-TL- Tigers0204"":1,""-TL- Use The PIAT!"":1,""Ж | Whiskey"":5,""Ж | Davako"":1,""tank simper"":2,""-TL- Ken"":1,""DooperDupinskie"":1}","{""[OP] Madcap"":2,""ᄿ Rath"":1,""-TL- Trance"":1,""Ж | I※nS"":1,""=Qalabash="":2,""markflapper - PC"":1,""Ж | Kalvus"":1,""CHMA | Lykaon"":2,""Ж | ※ Infidel"":1,""-TL- Use The PIAT!"":1,""Ж | Whiskey"":3,""MrInsaneBunny"":1,""-TL- Monster_Corndog"":1,""Ж | Davako"":1,""thelastpizzaroll"":1,""DooperDupinskie"":1}","166","325","860","260","{""M1 GARAND"":21}","{""STG44"":3,""GEWEHR 43"":14,""PANZERSCHRECK"":1,""UNKNOWN"":1,""150MM HOWITZER [sFH 18]"":1,""M43 STIELHANDGRANATE"":1,""MG42"":1,""KARABINER 98K"":3,""FG42"":1,""MP40"":3}"
"76561198332620060","tank simp2","19","49","0.39","4","0.22","0.57","8","0","1","1","555","18","{""ᄿ Rath"":3,""Ж | I※nS"":2,""=Qalabash="":1,""=NG MilkMan="":2,""Jahseh Dahmer"":2,""markflapper - PC"":3,""Ж | Sciz"":2,""вит | Pyrochemist"":4,""Ж | ※ Infidel"":2,""(WTH) HoneyBadger"":6,""WЖIDЖOЖW"":3,""-TL- Use The PIAT!"":1,""Ж | Whiskey"":3,""MrInsaneBunny"":3,""-TL- Monster_Corndog"":1,""Ж | Davako"":2,""Ж Dyslexics※Untied"":5,""-TL- Ken"":1,""-TL- NooDleOG"":1,""Hagrid"":2}","{""ᄿ Rath"":4,""Ж | Kalvus"":1,""Ж | Sciz"":1,""Ж | ※ Infidel"":2,""-TL- MsDieALOT"":1,""-TL- Use The PIAT!"":3,""Ж | Whiskey"":1,""-TL- Monster_Corndog"":1,""Ж Dyslexics※Untied"":1,""tank simper"":2,""thelastpizzaroll"":1,""DooperDupinskie"":1}","398","285","600","540","{""M1 GARAND"":2,""M1 CARBINE"":6,""M1918A2 BAR"":8,""M97 TRENCH GUN"":3}","{""75MM CANNON [Sd.Kfz.161 Panzer IV]"":1,""STG44"":8,""GEWEHR 43"":20,""PANZERSCHRECK"":1,""COAXIAL MG34 [Sd.Kfz.181 Tiger 1]"":1,""150MM HOWITZER [sFH 18]"":6,""PRECISION STRIKE"":1,""88 KWK 36 L/56 [Sd.Kfz.181 Tiger 1]"":1,""MG42"":4,""KARABINER 98K"":3,""FG42"":1,""MP40"":2}"
"76561197975842772","'-TL- NooDleOG","16","10","1.6","7","0.19","0.12","2","2","0","0","762","114","{""Kurile"":2,""-TL- Mage"":1,""Ж | Zoomer"":1,""-TL- Grandma's Gunner"":6}","{""tank simp2"":1,""Ж | y U h ※"":2,""Evil Santa 28"":1,""klondi"":2,""ᄿ Bert"":1,""-TL-Mik"":1,""Ж | yourmomsmother"":1,""=KaPk="":1,""Colt"":1,""Ж | GasMask"":1,""BNN Sherby"":2,""-TL- REDACTED"":1,""3fm"":1}","373","0","1400","160","{""COAXIAL MG34 [Sd.Kfz.234 Puma]"":1,""COAXIAL MG34 [Sd.Kfz.181 Tiger 1]"":2,""75MM CANNON [Sd.Kfz.161 Panzer IV]"":4,""88 KWK 36 L/56 [Sd.Kfz.181 Tiger 1]"":9}","{""BAZOOKA"":1,""SATCHEL"":2,""155MM HOWITZER [M114]"":1,""75MM CANNON [Sherman M4A3(75)W]"":1,""76MM M1 GUN [Sherman M4A3E2(76)]"":5}"
"76561198040886314","'-TL- Grandma's Driver","16","5","3.2","5","0.19","0.06","2","4","0","0","1495","419","{""Hagrid"":3,""ᄿ Rath"":1,""(WTH) HoneyBadger"":1}","{""ᄿ Rath"":2,""-TL- Trance"":1,""Jahseh Dahmer"":2,""Ж | Sciz"":1,""Ж | ※ Infidel"":4,""-TL- MsDieALOT"":1,""WЖIDЖOЖW"":1,""-TL- Use The PIAT!"":1,""Ж | Davako"":2,""Ж Dyslexics※Untied"":1}","1589","60","1120","520","{""COLT M1911"":1,""Sherman M4A3(75)W"":1,""HULL M1919 [Sherman M4A3(75)W]"":4,""HULL M1919 [Sherman M4A3E2(76)]"":10}","{""SATCHEL"":1,""150MM HOWITZER [sFH 18]"":1,""88 KWK 36 L/56 [Sd.Kfz.181 Tiger 1]"":3}"
"76561198264256639","Scrimmy ツ","16","42","0.38","3","0.19","0.49","14","1","0","0","642","24","{""cidi Ж"":1,""ᄿ Rath"":3,""-TL- Trance"":2,""Ж | I※nS"":1,""=NG MilkMan="":4,""Jahseh Dahmer"":5,""markflapper - PC"":1,""Ж | Kalvus"":1,""вит | Pyrochemist"":2,""Ж | ※ Infidel"":1,""(WTH) HoneyBadger"":1,""-TL- Tigers0204"":1,""Ж | Whiskey"":3,""MrInsaneBunny"":1,""-TL- Monster_Corndog"":3,""Ж | Davako"":1,""tank simper"":3,""-TL- Ken"":3,""thelastpizzaroll"":1,""Hagrid"":4}","{""cidi Ж"":2,""=Qalabash="":2,""=NG MilkMan="":1,""Jahseh Dahmer"":1,""markflapper - PC"":1,""-TL- MsDieALOT"":1,""-TL- Tigers0204"":3,""WЖIDЖOЖW"":1,""MrInsaneBunny"":1,""Ж | Davako"":1,""thelastpizzaroll"":1,""DooperDupinskie"":1}","171","75","440","780","{""BAZOOKA"":1,""M1 GARAND"":4,""M1918A2 BAR"":4,""BROWNING M1919"":7}","{""75MM CANNON [Sd.Kfz.161 Panzer IV]"":2,""STG44"":5,""GEWEHR 43"":17,""150MM HOWITZER [sFH 18]"":1,""M43 STIELHANDGRANATE"":1,""SATCHEL"":1,""88 KWK 36 L/56 [Sd.Kfz.181 Tiger 1]"":2,""MG42"":6,""KARABINER 98K"":4,""FG42"":1,""MP40"":2}"
"76561198122910494","thelastpizzaroll","14","42","0.33","3","0.16","0.49","12","1","0","0","454","36","{""AB"":1,""J-walk-"":2,""tank simp2"":1,""-TL- bic"":2,""Evil Santa 28"":2,""klondi"":1,""=exel="":4,""-TL- Mage"":1,""℧ | Blackshooter"":1,""Data"":3,""Ж | yourmomsmother"":5,""=KaPk="":3,""Colt"":1,""Scrimmy ツ"":1,""Ж | Xan"":6,""Ж | GasMask"":1,""-TL- REDACTED"":2,""3fm"":1,""Galtia"":1,""Kurile"":1,""-TL- Peif_Rimgarr"":1,""Ж | Kim Jong ÛwÛ"":1}","{""Ж | Sh(-)gun!"":1,""ᄿ Bert"":2,""=Wafflorz="":1,""=KaPk="":1,""-TL- hippie"":1,""Scrimmy ツ"":1,""Ж | Xan"":2,""-TL- REDACTED"":1,""3fm"":1,""Galtia"":1,""Kurile"":2}","125","1165","760","140","{""MG42"":4,""UNKNOWN"":1,""GEWEHR 43"":8,""KARABINER 98K"":1}","{""BAZOOKA"":1,""UNKNOWN"":1,""M1 GARAND"":32,""BOMBING RUN"":1,""M1918A2 BAR"":3,""BROWNING M1919"":2,""155MM HOWITZER [M114]"":1,""HULL M1919 [Stuart M5A1]"":1}"
"76561198123080563","AB","14","49","0.29","3","0.16","0.57","26","0","2","1","341","31","{""Palustris"":2,""cidi Ж"":3,""[OP] Madcap"":2,""ᄿ Rath"":3,""-TL- Trance"":2,""=Qalabash="":1,""=NG MilkMan="":1,""Jahseh Dahmer"":2,""markflapper - PC"":5,""Ж | Kalvus"":2,""CHMA | Lykaon"":3,""Ж | Sciz"":1,""Ж | ※ Infidel"":2,""(WTH) HoneyBadger"":3,""-TL- MsDieALOT"":2,""-TL- Tigers0204"":3,""-TL- Use The PIAT!"":2,""MrInsaneBunny"":3,""Ж | Davako"":2,""tank simper"":3,""-TL- Ken"":2}","{""[OP] Madcap"":1,""ᄿ Rath"":1,""=NG MilkMan="":1,""Jahseh Dahmer"":2,""markflapper - PC"":1,""Ж | Kalvus"":1,""CHMA | Lykaon"":2,""Ж | ※ Infidel"":1,""Ж | Whiskey"":1,""-TL- Monster_Corndog"":1,""Ж Dyslexics※Untied"":1,""thelastpizzaroll"":1}","103","25","380","660","{""M1 GARAND"":4,""M1918A2 BAR"":6,""MK2 GRENADE"":1,""BROWNING M1919"":3}","{""MG42"":12,""MP40"":3,""STG44"":6,""S-MINE"":1,""SATCHEL"":1,""GEWEHR 43"":19,""KARABINER 98K"":4,""150MM HOWITZER [sFH 18]"":3}"
"76561198027183226","Ж | Zoomer","14","50","0.28","2","0.17","0.6","14","0","1","1","322","4","{""Palustris"":2,""cidi Ж"":2,""[OP] Madcap"":6,""ᄿ Rath"":3,""-TL- Trance"":2,""Ж | I※nS"":1,""=Qalabash="":1,""=NG MilkMan="":1,""Jahseh Dahmer"":2,""markflapper - PC"":5,""Ж | Kalvus"":1,""CHMA | Lykaon"":3,""Ж | Sciz"":3,""Ж | ※ Infidel"":2,""(WTH) HoneyBadger"":4,""-TL- Tigers0204"":3,""Ж | Whiskey"":1,""Ж | Davako"":2,""Ж Dyslexics※Untied"":3,""tank simper"":1,""-TL- Ken"":1,""Hagrid"":1}","{""-TL- ULFBERHT"":1,""ᄿ Rath"":1,""CHMA | Lykaon"":2,""- TL - Alex Von Doom"":1,""Ж | Sciz"":3,""Ж | Whiskey"":1,""MrInsaneBunny"":2,""Ж Dyslexics※Untied"":1,""-TL- NooDleOG"":1,""DooperDupinskie"":1}","255","95","640","320","{""BAZOOKA"":4,""M1 GARAND"":7,""M3 GREASE GUN"":3}","{""STG44"":4,""GEWEHR 43"":26,""PANZERSCHRECK"":1,""UNKNOWN"":1,""150MM HOWITZER [sFH 18]"":4,""88 KWK 36 L/56 [Sd.Kfz.181 Tiger 1]"":1,""MG42"":8,""KARABINER 98K"":2,""FG42"":1,""MP40"":2}"
"76561198847854875","WЖIDЖOЖW","13","22","0.59","3","0.15","0.26","6","1","2","2","728","42","{""J-walk-"":1,""-TL- bic"":3,""klondi"":1,""ᄿ thesnowman"":1,""-TL- Grandma's Gunner"":1,""℧ | Blackshooter"":1,""Data"":2,""=Wafflorz="":1,""-TL- Uncle Cletus"":1,""Ж | yourmomsmother"":1,""-TL- Grandma's Driver"":1,""Colt"":1,""Scrimmy ツ"":1,""BNN Sherby"":2,""-TL- REDACTED"":2,""3fm"":1,""Galtia"":1}","{""Ж | Sh(-)gun!"":1,""tank simp2"":3,""-TL- bic"":1,""Data"":1,""=Wafflorz="":1,""Colt"":1,""-TL- hippie"":2,""-TL- REDACTED"":1,""Galtia"":2}","109","5876","1460","40","{""GEWEHR 43"":9,""BOMBING RUN"":1,""STRAFING RUN"":1,""PRECISION STRIKE"":2}","{""M1 GARAND"":13,""BOMBING RUN"":1,""M1A1 THOMPSON"":1,""BROWNING M1919"":2,""HULL M1919 [Sherman M4A3E2(76)]"":2,""76MM M1 GUN [Sherman M4A3E2(76)]"":3}"
"76561198222220496","klondi","11","8","1.38","5","0.13","0.09","3","3","3","2","885","-150","{""Hagrid"":1,""-TL- NooDleOG"":2,""Jahseh Dahmer"":1,""Ж | ※ Infidel"":2,""(WTH) HoneyBadger"":2}","{""ᄿ Rath"":2,""Scythe"":1,""Ж | Kalvus"":1,""вит | Pyrochemist"":1,""WЖIDЖOЖW"":1,""-TL- Use The PIAT!"":1,""Ж Dyslexics※Untied"":2,""-TL- Ken"":1,""thelastpizzaroll"":1}","666","325","940","560","{""HULL M1919 [Stuart M5A1]"":1,""HULL M1919 [Sherman M4A3E2(76)]"":10}","{""SATCHEL"":1,""KARABINER 98K"":1,""PANZERSCHRECK"":1,""150MM HOWITZER [sFH 18]"":2,""88 KWK 36 L/56 [Sd.Kfz.181 Tiger 1]"":3}"
"76561198316126032","'-TL- HotDog-7","10","56","0.18","2","0.12","0.69","17","0","2","1","293","28","{""Palustris"":2,""[OP] Madcap"":1,""ᄿ Rath"":7,""Ж | I※nS"":6,""=Qalabash="":2,""=NG MilkMan="":4,""Jahseh Dahmer"":4,""markflapper - PC"":5,""Ж | Kalvus"":2,""CHMA | Lykaon"":2,""Ж | Sciz"":1,""вит | Pyrochemist"":1,""Ж | ※ Infidel"":1,""(WTH) HoneyBadger"":6,""-TL- Tigers0204"":2,""Ж | Whiskey"":2,""MrInsaneBunny"":3,""Ж | Davako"":1,""-TL- Ken"":3,""DooperDupinskie"":1}","{""ᄿ Rath"":1,""Ж | I※nS"":2,""markflapper - PC"":1,""вит | Pyrochemist"":1,""Ж | ※ Infidel"":1,""-TL- Use The PIAT!"":1,""Ж | Whiskey"":1,""MrInsaneBunny"":1,""Ж Dyslexics※Untied"":1}","225","20","620","360","{""M1 CARBINE"":5,""M1A1 THOMPSON"":3,""M3 GREASE GUN"":1,""M97 TRENCH GUN"":1}","{""MG42"":9,""MP40"":1,""STG44"":12,""SATCHEL"":1,""GEWEHR 43"":23,""KARABINER 98K"":4,""150MM HOWITZER [sFH 18]"":6}"
"76561199350015277","'-TL- MsDieALOT","7","45","0.16","2","0.08","0.53","14","0","0","0","301","27","{""J-walk-"":6,""tank simp2"":1,""-TL- bic"":1,""=exel="":2,""-TL-Mik"":1,""-TL- Mage"":1,""℧ | Blackshooter"":1,""Data"":2,""=Wafflorz="":2,""-TL- Uncle Cletus"":2,""=KaPk="":5,""-TL- Grandma's Driver"":1,""Colt"":2,""-TL- hippie"":2,""Scrimmy ツ"":1,""Ж | Xan"":4,""BNN Sherby"":1,""-TL- REDACTED"":1,""3fm"":3,""Galtia"":2,""Kurile"":2,""-TL- rwendler613"":2}","{""AB"":2,""Galtia"":1,""Kurile"":1,""=Wafflorz="":1,""℧ | Blackshooter"":1,""Ж | yourmomsmother"":1}","36","220","580","460","{""MP40"":1,""KARABINER 98K"":6}","{""155MM HOWITZER [M114]"":1,""M1918A2 BAR"":2,""M1A1 THOMPSON"":1,""MK2 GRENADE"":1,""HULL M1919 [Sherman M4A3E2(76)]"":1,""BROWNING M1919"":2,""76MM M1 GUN [Sherman M4A3E2(76)]"":1,""STRAFING RUN"":1,""M1 GARAND"":35}"
"76561198066096035","Ж | y U h ※","2","10","0.2","2","0.02","0.12","6","0","1","1","964","35","{""Ж | I※nS"":1,""-TL- NooDleOG"":2,""Jahseh Dahmer"":1,""DooperDupinskie"":1,""(WTH) HoneyBadger"":3,""вит | Pyrochemist"":1,""Ж Dyslexics※Untied"":1}","{""Jahseh Dahmer"":1,""Ж | ※ Infidel"":1}","524","315","1040","460","{""COLT M1911"":2}","{""MP40"":1,""SATCHEL"":1,""GEWEHR 43"":3,""150MM HOWITZER [sFH 18]"":3,""88 KWK 36 L/56 [Sd.Kfz.181 Tiger 1]"":2}"
"76561199222358890","Scythe","0","12","0","0","0","0.14","12","1","1","1","1784","18","{""klondi"":1,""-TL- Mage"":3,""=Wafflorz="":2,""BNN Sherby"":2,""Evil Santa 28"":1,""-TL- Grandma's Gunner"":3}","{}","749","195","1480","120","{}","{""M1 GARAND"":3,""155MM HOWITZER [M114]"":3,""75MM CANNON [Sherman M4A3(75)W]"":2,""HULL M1919 [Sherman M4A3E2(76)]"":1,""76MM M1 GUN [Sherman M4A3E2(76)]"":3}"
"76561198082028835","'-TL- ULFBERHT","0","9","0","0","0","0.11","9","0","0","0","762","292","{""Kurile"":2,""-TL- Mage"":1,""Ж | Zoomer"":1,""-TL- Grandma's Gunner"":5}","{}","373","0","1420","160","{}","{""BAZOOKA"":1,""SATCHEL"":2,""155MM HOWITZER [M114]"":1,""75MM CANNON [Sherman M4A3(75)W]"":1,""76MM M1 GUN [Sherman M4A3E2(76)]"":4}"
"76561198814811505","PUSSY POKER WEED TOKER","0","0","0","0","0","0","0","0","0","0","60","60","{}","{}","0","0","0","0","{}","{}"
"76561199667442659","Terry","0","6","0","0","0","0.07","6","1","0","0","1721","196","{""BNN Sherby"":2,""-TL- Grandma's Gunner"":4}","{}","776","85","1460","100","{}","{""75MM CANNON [Sherman M4A3(75)W]"":2,""76MM M1 GUN [Sherman M4A3E2(76)]"":4}"
"76561198041668180","'-TL- Grandma","0","6","0","0","0","0.07","6","1","0","0","1517","175","{""Hagrid"":2,""ᄿ Rath"":1,""MrInsaneBunny"":1,""(WTH) HoneyBadger"":2}","{}","1577","105","1040","520","{}","{""STG44"":2,""150MM HOWITZER [sFH 18]"":2,""88 KWK 36 L/56 [Sd.Kfz.181 Tiger 1]"":2}"
"76561198119381991","'- TL - Alex Von Doom","0","11","0","0","0","0.13","11","0","0","0","1037","43","{""Kurile"":2,""J-walk-"":1,""Ж | Zoomer"":1,""Ж | GasMask"":1,""-TL- Grandma's Gunner"":6}","{}","347","10","1500","60","{}","{""BAZOOKA"":1,""SATCHEL"":1,""M1 GARAND"":2,""M97 TRENCH GUN"":1,""Sd.Kfz.181 Tiger 1"":1,""75MM CANNON [Sherman M4A3(75)W]"":1,""76MM M1 GUN [Sherman M4A3E2(76)]"":4}"